timestamp,pv_gen_wh,user_load_wh,price_eur_kwh,price_eur_kwh_t+1,price_eur_kwh_t+2,price_eur_kwh_t+3,price_eur_kwh_t+4,price_eur_kwh_t+5,price_eur_kwh_t+6,price_eur_kwh_t+7,price_eur_kwh_t+8,price_eur_kwh_t+9,price_eur_kwh_t+10,price_eur_kwh_t+11,price_eur_kwh_t+12,price_eur_kwh_t+13,price_eur_kwh_t+14,price_eur_kwh_t+15,price_eur_kwh_t+16,price_eur_kwh_t+17,price_eur_kwh_t+18,price_eur_kwh_t+19,price_eur_kwh_t+20,price_eur_kwh_t+21,price_eur_kwh_t+22,price_eur_kwh_t+23,price_eur_kwh_t+24,temperature_2m,cloud_cover,shortwave_radiation,relative_humidity_2m,wind_speed_10m,shortwave_radiation_t+1,shortwave_radiation_t+2,shortwave_radiation_t+3,shortwave_radiation_t+4,shortwave_radiation_t+5,shortwave_radiation_t+6,hour_of_day,day_of_week,day_of_year,day_of_month,lat,lon,country,state,baseline_reward
2026-04-15 02:00:00,0.0,0.0,0.1101,0.11468,0.13786,0.16692,0.1645,0.13,0.126,0.09933,0.06962,0.05005,0.04899,0.06553,0.08477,0.10941,0.12712,0.15813,0.20451,0.1701,0.14294,0.13173,0.11251,0.10462,0.09969,0.09678,0.09672,7.3,96.0,0.0,92.0,5.1,0.0,0.0,0.0,0.0,3.0,39.0,2,2,105,15,48.683331,10.9,Germany,Bayern,0.0
2026-04-15 03:00:00,0.0,0.0,0.11468,0.13786,0.16692,0.1645,0.13,0.126,0.09933,0.06962,0.05005,0.04899,0.06553,0.08477,0.10941,0.12712,0.15813,0.20451,0.1701,0.14294,0.13173,0.11251,0.10462,0.09969,0.09678,0.09672,0.09981,7.0,100.0,0.0,93.0,5.0,0.0,0.0,0.0,3.0,39.0,81.0,3,2,105,15,48.683331,10.9,Germany,Bayern,0.0
2026-04-15 04:00:00,0.0,0.0,0.13786,0.16692,0.1645,0.13,0.126,0.09933,0.06962,0.05005,0.04899,0.06553,0.08477,0.10941,0.12712,0.15813,0.20451,0.1701,0.14294,0.13173,0.11251,0.10462,0.09969,0.09678,0.09672,0.09981,0.12481,6.7,100.0,0.0,93.0,6.4,0.0,0.0,3.0,39.0,81.0,100.0,4,2,105,15,48.683331,10.9,Germany,Bayern,0.0
2026-04-15 05:00:00,0.0,0.0,0.16692,0.1645,0.13,0.126,0.09933,0.06962,0.05005,0.04899,0.06553,0.08477,0.10941,0.12712,0.15813,0.20451,0.1701,0.14294,0.13173,0.11251,0.10462,0.09969,0.09678,0.09672,0.09981,0.12481,0.15073,6.9,97.0,0.0,92.0,6.8,0.0,3.0,39.0,81.0,100.0,154.0,5,2,105,15,48.683331,10.9,Germany,Bayern,0.0
2026-04-15 06:00:00,0.0,0.0,0.1645,0.13,0.126,0.09933,0.06962,0.05005,0.04899,0.06553,0.08477,0.10941,0.12712,0.15813,0.20451,0.1701,0.14294,0.13173,0.11251,0.10462,0.09969,0.09678,0.09672,0.09981,0.12481,0.15073,0.15999,6.7,100.0,0.0,92.0,6.0,3.0,39.0,81.0,100.0,154.0,221.0,6,2,105,15,48.683331,10.9,Germany,Bayern,0.0
2026-04-15 07:00:00,0.0,0.0,0.13,0.126,0.09933,0.06962,0.05005,0.04899,0.06553,0.08477,0.10941,0.12712,0.15813,0.20451,0.1701,0.14294,0.13173,0.11251,0.10462,0.09969,0.09678,0.09672,0.09981,0.12481,0.15073,0.15999,0.1245,6.5,100.0,3.0,92.0,5.5,39.0,81.0,100.0,154.0,221.0,251.0,7,2,105,15,48.683331,10.9,Germany,Bayern,0.0
2026-04-15 08:00:00,0.0,0.0,0.126,0.09933,0.06962,0.05005,0.04899,0.06553,0.08477,0.10941,0.12712,0.15813,0.20451,0.1701,0.14294,0.13173,0.11251,0.10462,0.09969,0.09678,0.09672,0.09981,0.12481,0.15073,0.15999,0.1245,0.12093,7.3,100.0,39.0,91.0,6.3,81.0,100.0,154.0,221.0,251.0,312.0,8,2,105,15,48.683331,10.9,Germany,Bayern,0.0
2026-04-15 09:00:00,0.0,0.0,0.09933,0.06962,0.05005,0.04899,0.06553,0.08477,0.10941,0.12712,0.15813,0.20451,0.1701,0.14294,0.13173,0.11251,0.10462,0.09969,0.09678,0.09672,0.09981,0.12481,0.15073,0.15999,0.1245,0.12093,0.09673,8.3,100.0,81.0,90.0,7.0,100.0,154.0,221.0,251.0,312.0,216.0,9,2,105,15,48.683331,10.9,Germany,Bayern,0.0
2026-04-15 10:00:00,0.0,0.0,0.06962,0.05005,0.04899,0.06553,0.08477,0.10941,0.12712,0.15813,0.20451,0.1701,0.14294,0.13173,0.11251,0.10462,0.09969,0.09678,0.09672,0.09981,0.12481,0.15073,0.15999,0.1245,0.12093,0.09673,0.08098,8.5,100.0,100.0,88.0,6.1,154.0,221.0,251.0,312.0,216.0,220.0,10,2,105,15,48.683331,10.9,Germany,Bayern,0.0
2026-04-15 11:00:00,0.0,0.0,0.05005,0.04899,0.06553,0.08477,0.10941,0.12712,0.15813,0.20451,0.1701,0.14294,0.13173,0.11251,0.10462,0.09969,0.09678,0.09672,0.09981,0.12481,0.15073,0.15999,0.1245,0.12093,0.09673,0.08098,0.05721,9.5,100.0,154.0,85.0,5.6,221.0,251.0,312.0,216.0,220.0,174.0,11,2,105,15,48.683331,10.9,Germany,Bayern,0.0
2026-04-15 12:00:00,0.0,0.0,0.04899,0.06553,0.08477,0.10941,0.12712,0.15813,0.20451,0.1701,0.14294,0.13173,0.11251,0.10462,0.09969,0.09678,0.09672,0.09981,0.12481,0.15073,0.15999,0.1245,0.12093,0.09673,0.08098,0.05721,0.03672,10.7,100.0,221.0,83.0,6.4,251.0,312.0,216.0,220.0,174.0,122.0,12,2,105,15,48.683331,10.9,Germany,Bayern,0.0
2026-04-15 13:00:00,0.0,0.0,0.06553,0.08477,0.10941,0.12712,0.15813,0.20451,0.1701,0.14294,0.13173,0.11251,0.10462,0.09969,0.09678,0.09672,0.09981,0.12481,0.15073,0.15999,0.1245,0.12093,0.09673,0.08098,0.05721,0.03672,0.05279,11.5,100.0,251.0,79.0,7.5,312.0,216.0,220.0,174.0,122.0,65.0,13,2,105,15,48.683331,10.9,Germany,Bayern,0.0
2026-04-15 14:00:00,0.0,0.0,0.08477,0.10941,0.12712,0.15813,0.20451,0.1701,0.14294,0.13173,0.11251,0.10462,0.09969,0.09678,0.09672,0.09981,0.12481,0.15073,0.15999,0.1245,0.12093,0.09673,0.08098,0.05721,0.03672,0.05279,0.06499,12.9,100.0,312.0,76.0,8.1,216.0,220.0,174.0,122.0,65.0,15.0,14,2,105,15,48.683331,10.9,Germany,Bayern,0.0
2026-04-15 15:00:00,0.0,0.0,0.10941,0.12712,0.15813,0.20451,0.1701,0.14294,0.13173,0.11251,0.10462,0.09969,0.09678,0.09672,0.09981,0.12481,0.15073,0.15999,0.1245,0.12093,0.09673,0.08098,0.05721,0.03672,0.05279,0.06499,0.09758,12.4,100.0,216.0,76.0,7.7,220.0,174.0,122.0,65.0,15.0,0.0,15,2,105,15,48.683331,10.9,Germany,Bayern,0.0
2026-04-15 16:00:00,0.0,0.0,0.12712,0.15813,0.20451,0.1701,0.14294,0.13173,0.11251,0.10462,0.09969,0.09678,0.09672,0.09981,0.12481,0.15073,0.15999,0.1245,0.12093,0.09673,0.08098,0.05721,0.03672,0.05279,0.06499,0.09758,0.10528,12.7,100.0,220.0,74.0,6.9,174.0,122.0,65.0,15.0,0.0,0.0,16,2,105,15,48.683331,10.9,Germany,Bayern,0.0
2026-04-15 17:00:00,0.0,0.0,0.15813,0.20451,0.1701,0.14294,0.13173,0.11251,0.10462,0.09969,0.09678,0.09672,0.09981,0.12481,0.15073,0.15999,0.1245,0.12093,0.09673,0.08098,0.05721,0.03672,0.05279,0.06499,0.09758,0.10528,0.13559,12.9,100.0,174.0,74.0,6.7,122.0,65.0,15.0,0.0,0.0,0.0,17,2,105,15,48.683331,10.9,Germany,Bayern,0.0
2026-04-15 18:00:00,0.0,0.0,0.20451,0.1701,0.14294,0.13173,0.11251,0.10462,0.09969,0.09678,0.09672,0.09981,0.12481,0.15073,0.15999,0.1245,0.12093,0.09673,0.08098,0.05721,0.03672,0.05279,0.06499,0.09758,0.10528,0.13559,0.19359,12.8,100.0,122.0,76.0,6.4,65.0,15.0,0.0,0.0,0.0,0.0,18,2,105,15,48.683331,10.9,Germany,Bayern,0.0
2026-04-15 19:00:00,0.0,0.0,0.1701,0.14294,0.13173,0.11251,0.10462,0.09969,0.09678,0.09672,0.09981,0.12481,0.15073,0.15999,0.1245,0.12093,0.09673,0.08098,0.05721,0.03672,0.05279,0.06499,0.09758,0.10528,0.13559,0.19359,0.17482,12.4,100.0,65.0,80.0,3.4,15.0,0.0,0.0,0.0,0.0,0.0,19,2,105,15,48.683331,10.9,Germany,Bayern,0.0
2026-04-15 20:00:00,0.0,0.0,0.14294,0.13173,0.11251,0.10462,0.09969,0.09678,0.09672,0.09981,0.12481,0.15073,0.15999,0.1245,0.12093,0.09673,0.08098,0.05721,0.03672,0.05279,0.06499,0.09758,0.10528,0.13559,0.19359,0.17482,0.15144,11.8,100.0,15.0,85.0,1.3,0.0,0.0,0.0,0.0,0.0,0.0,20,2,105,15,48.683331,10.9,Germany,Bayern,0.0
2026-04-15 21:00:00,0.0,0.0,0.13173,0.11251,0.10462,0.09969,0.09678,0.09672,0.09981,0.12481,0.15073,0.15999,0.1245,0.12093,0.09673,0.08098,0.05721,0.03672,0.05279,0.06499,0.09758,0.10528,0.13559,0.19359,0.17482,0.15144,0.135,11.8,99.0,0.0,83.0,2.7,0.0,0.0,0.0,0.0,0.0,0.0,21,2,105,15,48.683331,10.9,Germany,Bayern,0.0
2026-04-15 22:00:00,0.0,0.0,0.11251,0.10462,0.09969,0.09678,0.09672,0.09981,0.12481,0.15073,0.15999,0.1245,0.12093,0.09673,0.08098,0.05721,0.03672,0.05279,0.06499,0.09758,0.10528,0.13559,0.19359,0.17482,0.15144,0.135,0.12848,11.5,100.0,0.0,84.0,4.1,0.0,0.0,0.0,0.0,0.0,0.0,22,2,105,15,48.683331,10.9,Germany,Bayern,0.0
2026-04-15 23:00:00,0.0,0.0,0.10462,0.09969,0.09678,0.09672,0.09981,0.12481,0.15073,0.15999,0.1245,0.12093,0.09673,0.08098,0.05721,0.03672,0.05279,0.06499,0.09758,0.10528,0.13559,0.19359,0.17482,0.15144,0.135,0.12848,0.118,11.0,100.0,0.0,89.0,4.3,0.0,0.0,0.0,0.0,0.0,0.0,23,2,105,15,48.683331,10.9,Germany,Bayern,0.0
2026-04-16 00:00:00,0.0,0.0,0.09969,0.09678,0.09672,0.09981,0.12481,0.15073,0.15999,0.1245,0.12093,0.09673,0.08098,0.05721,0.03672,0.05279,0.06499,0.09758,0.10528,0.13559,0.19359,0.17482,0.15144,0.135,0.12848,0.118,0.11304,10.9,99.0,0.0,88.0,6.7,0.0,0.0,0.0,0.0,0.0,0.0,0,3,106,16,48.683331,10.9,Germany,Bayern,0.0
2026-04-16 01:00:00,0.0,0.0,0.09678,0.09672,0.09981,0.12481,0.15073,0.15999,0.1245,0.12093,0.09673,0.08098,0.05721,0.03672,0.05279,0.06499,0.09758,0.10528,0.13559,0.19359,0.17482,0.15144,0.135,0.12848,0.118,0.11304,0.10922,10.4,98.0,0.0,88.0,8.5,0.0,0.0,0.0,0.0,0.0,3.0,1,3,106,16,48.683331,10.9,Germany,Bayern,0.0
2026-04-16 02:00:00,0.0,0.0,0.09672,0.09981,0.12481,0.15073,0.15999,0.1245,0.12093,0.09673,0.08098,0.05721,0.03672,0.05279,0.06499,0.09758,0.10528,0.13559,0.19359,0.17482,0.15144,0.135,0.12848,0.118,0.11304,0.10922,0.11041,10.6,95.0,0.0,88.0,8.5,0.0,0.0,0.0,0.0,3.0,52.0,2,3,106,16,48.683331,10.9,Germany,Bayern,0.0
2026-04-16 03:00:00,0.0,0.0,0.09981,0.12481,0.15073,0.15999,0.1245,0.12093,0.09673,0.08098,0.05721,0.03672,0.05279,0.06499,0.09758,0.10528,0.13559,0.19359,0.17482,0.15144,0.135,0.12848,0.118,0.11304,0.10922,0.11041,0.10853,10.4,96.0,0.0,88.0,7.4,0.0,0.0,0.0,3.0,52.0,131.0,3,3,106,16,48.683331,10.9,Germany,Bayern,0.0
2026-04-16 04:00:00,0.0,0.0,0.12481,0.15073,0.15999,0.1245,0.12093,0.09673,0.08098,0.05721,0.03672,0.05279,0.06499,0.09758,0.10528,0.13559,0.19359,0.17482,0.15144,0.135,0.12848,0.118,0.11304,0.10922,0.11041,0.10853,0.13021,9.6,81.0,0.0,90.0,6.9,0.0,0.0,3.0,52.0,131.0,200.0,4,3,106,16,48.683331,10.9,Germany,Bayern,0.0
2026-04-16 05:00:00,0.0,0.0,0.15073,0.15999,0.1245,0.12093,0.09673,0.08098,0.05721,0.03672,0.05279,0.06499,0.09758,0.10528,0.13559,0.19359,0.17482,0.15144,0.135,0.12848,0.118,0.11304,0.10922,0.11041,0.10853,0.13021,0.15847,10.0,77.0,0.0,89.0,6.6,0.0,3.0,52.0,131.0,200.0,309.0,5,3,106,16,48.683331,10.9,Germany,Bayern,0.0
2026-04-16 06:00:00,0.0,0.0,0.15999,0.1245,0.12093,0.09673,0.08098,0.05721,0.03672,0.05279,0.06499,0.09758,0.10528,0.13559,0.19359,0.17482,0.15144,0.135,0.12848,0.118,0.11304,0.10922,0.11041,0.10853,0.13021,0.15847,0.15538,9.9,93.0,0.0,89.0,6.2,3.0,52.0,131.0,200.0,309.0,471.0,6,3,106,16,48.683331,10.9,Germany,Bayern,0.0
2026-04-16 07:00:00,0.0,0.0,0.1245,0.12093,0.09673,0.08098,0.05721,0.03672,0.05279,0.06499,0.09758,0.10528,0.13559,0.19359,0.17482,0.15144,0.135,0.12848,0.118,0.11304,0.10922,0.11041,0.10853,0.13021,0.15847,0.15538,0.12302,9.8,90.0,3.0,88.0,6.8,52.0,131.0,200.0,309.0,471.0,383.0,7,3,106,16,48.683331,10.9,Germany,Bayern,0.0
2026-04-16 08:00:00,0.0,0.0,0.12093,0.09673,0.08098,0.05721,0.03672,0.05279,0.06499,0.09758,0.10528,0.13559,0.19359,0.17482,0.15144,0.135,0.12848,0.118,0.11304,0.10922,0.11041,0.10853,0.13021,0.15847,0.15538,0.12302,0.11242,10.2,89.0,52.0,87.0,8.0,131.0,200.0,309.0,471.0,383.0,299.0,8,3,106,16,48.683331,10.9,Germany,Bayern,0.0
2026-04-16 09:00:00,100.0,400.0,0.09673,0.08098,0.05721,0.03672,0.05279,0.06499,0.09758,0.10528,0.13559,0.19359,0.17482,0.15144,0.135,0.12848,0.118,0.11304,0.10922,0.11041,0.10853,0.13021,0.15847,0.15538,0.12302,0.11242,0.08993,11.4,85.0,131.0,80.0,8.0,200.0,309.0,471.0,383.0,299.0,404.0,9,3,106,16,48.683331,10.9,Germany,Bayern,-0.019345999999999995
2026-04-16 10:00:00,266.6666666666667,266.6666666666667,0.08098,0.05721,0.03672,0.05279,0.06499,0.09758,0.10528,0.13559,0.19359,0.17482,0.15144,0.135,0.12848,0.118,0.11304,0.10922,0.11041,0.10853,0.13021,0.15847,0.15538,0.12302,0.11242,0.08993,0.04306,12.5,84.0,200.0,75.0,7.8,309.0,471.0,383.0,299.0,404.0,409.0,10,3,106,16,48.683331,10.9,Germany,Bayern,0.021594666666666665
2026-04-16 11:00:00,122.22222222222223,122.22222222222223,0.05721,0.03672,0.05279,0.06499,0.09758,0.10528,0.13559,0.19359,0.17482,0.15144,0.135,0.12848,0.118,0.11304,0.10922,0.11041,0.10853,0.13021,0.15847,0.15538,0.12302,0.11242,0.08993,0.04306,0.02501,15.1,61.0,309.0,69.0,7.3,471.0,383.0,299.0,404.0,409.0,264.0,11,3,106,16,48.683331,10.9,Germany,Bayern,0.006992333333333334
2026-04-16 12:00:00,0.0,0.0,0.03672,0.05279,0.06499,0.09758,0.10528,0.13559,0.19359,0.17482,0.15144,0.135,0.12848,0.118,0.11304,0.10922,0.11041,0.10853,0.13021,0.15847,0.15538,0.12302,0.11242,0.08993,0.04306,0.02501,0.02008,17.2,69.0,471.0,57.0,5.1,383.0,299.0,404.0,409.0,264.0,156.0,12,3,106,16,48.683331,10.9,Germany,Bayern,0.0
2026-04-16 13:00:00,500.0,0.0,0.05279,0.06499,0.09758,0.10528,0.13559,0.19359,0.17482,0.15144,0.135,0.12848,0.118,0.11304,0.10922,0.11041,0.10853,0.13021,0.15847,0.15538,0.12302,0.11242,0.08993,0.04306,0.02501,0.02008,0.02506,15.8,59.0,383.0,54.0,5.2,299.0,404.0,409.0,264.0,156.0,96.0,13,3,106,16,48.683331,10.9,Germany,Bayern,0.026395
2026-04-16 14:00:00,300.00000000000006,0.0,0.06499,0.09758,0.10528,0.13559,0.19359,0.17482,0.15144,0.135,0.12848,0.118,0.11304,0.10922,0.11041,0.10853,0.13021,0.15847,0.15538,0.12302,0.11242,0.08993,0.04306,0.02501,0.02008,0.02506,0.05869,17.5,91.0,299.0,53.0,5.8,404.0,409.0,264.0,156.0,96.0,33.0,14,3,106,16,48.683331,10.9,Germany,Bayern,0.019497000000000004
2026-04-16 15:00:00,800.0,200.0,0.09758,0.10528,0.13559,0.19359,0.17482,0.15144,0.135,0.12848,0.118,0.11304,0.10922,0.11041,0.10853,0.13021,0.15847,0.15538,0.12302,0.11242,0.08993,0.04306,0.02501,0.02008,0.02506,0.05869,0.08773,16.7,92.0,404.0,51.0,6.5,409.0,264.0,156.0,96.0,33.0,0.0,15,3,106,16,48.683331,10.9,Germany,Bayern,0.078064
2026-04-16 16:00:00,600.0000000000001,300.00000000000006,0.10528,0.13559,0.19359,0.17482,0.15144,0.135,0.12848,0.118,0.11304,0.10922,0.11041,0.10853,0.13021,0.15847,0.15538,0.12302,0.11242,0.08993,0.04306,0.02501,0.02008,0.02506,0.05869,0.08773,0.11218,17.2,99.0,409.0,48.0,7.1,264.0,156.0,96.0,33.0,0.0,0.0,16,3,106,16,48.683331,10.9,Germany,Bayern,0.063168
2026-04-16 17:00:00,300.00000000000006,100.0,0.13559,0.19359,0.17482,0.15144,0.135,0.12848,0.118,0.11304,0.10922,0.11041,0.10853,0.13021,0.15847,0.15538,0.12302,0.11242,0.08993,0.04306,0.02501,0.02008,0.02506,0.05869,0.08773,0.11218,0.13952,18.0,99.0,264.0,47.0,6.6,156.0,96.0,33.0,0.0,0.0,0.0,17,3,106,16,48.683331,10.9,Germany,Bayern,0.040677000000000005
2026-04-16 18:00:00,100.0,300.00000000000006,0.19359,0.17482,0.15144,0.135,0.12848,0.118,0.11304,0.10922,0.11041,0.10853,0.13021,0.15847,0.15538,0.12302,0.11242,0.08993,0.04306,0.02501,0.02008,0.02506,0.05869,0.08773,0.11218,0.13952,0.16818,17.2,100.0,156.0,49.0,6.0,96.0,33.0,0.0,0.0,0.0,0.0,18,3,106,16,48.683331,10.9,Germany,Bayern,-0.019359000000000015
2026-04-16 19:00:00,0.0,0.0,0.17482,0.15144,0.135,0.12848,0.118,0.11304,0.10922,0.11041,0.10853,0.13021,0.15847,0.15538,0.12302,0.11242,0.08993,0.04306,0.02501,0.02008,0.02506,0.05869,0.08773,0.11218,0.13952,0.16818,0.1544,16.8,97.0,96.0,49.0,4.1,33.0,0.0,0.0,0.0,0.0,0.0,19,3,106,16,48.683331,10.9,Germany,Bayern,0.0
2026-04-16 20:00:00,0.0,100.0,0.15144,0.135,0.12848,0.118,0.11304,0.10922,0.11041,0.10853,0.13021,0.15847,0.15538,0.12302,0.11242,0.08993,0.04306,0.02501,0.02008,0.02506,0.05869,0.08773,0.11218,0.13952,0.16818,0.1544,0.13712,15.6,88.0,33.0,58.0,4.8,0.0,0.0,0.0,0.0,0.0,0.0,20,3,106,16,48.683331,10.9,Germany,Bayern,-0.015144
2026-04-16 21:00:00,0.0,100.0,0.135,0.12848,0.118,0.11304,0.10922,0.11041,0.10853,0.13021,0.15847,0.15538,0.12302,0.11242,0.08993,0.04306,0.02501,0.02008,0.02506,0.05869,0.08773,0.11218,0.13952,0.16818,0.1544,0.13712,0.1168,13.9,47.0,0.0,65.0,4.3,0.0,0.0,0.0,0.0,0.0,0.0,21,3,106,16,48.683331,10.9,Germany,Bayern,-0.013500000000000002
2026-04-16 22:00:00,0.0,0.0,0.12848,0.118,0.11304,0.10922,0.11041,0.10853,0.13021,0.15847,0.15538,0.12302,0.11242,0.08993,0.04306,0.02501,0.02008,0.02506,0.05869,0.08773,0.11218,0.13952,0.16818,0.1544,0.13712,0.1168,0.12317,12.6,2.0,0.0,70.0,4.1,0.0,0.0,0.0,0.0,0.0,0.0,22,3,106,16,48.683331,10.9,Germany,Bayern,0.0
2026-04-16 23:00:00,0.0,0.0,0.118,0.11304,0.10922,0.11041,0.10853,0.13021,0.15847,0.15538,0.12302,0.11242,0.08993,0.04306,0.02501,0.02008,0.02506,0.05869,0.08773,0.11218,0.13952,0.16818,0.1544,0.13712,0.1168,0.12317,0.11301,11.7,1.0,0.0,73.0,4.7,0.0,0.0,0.0,0.0,0.0,0.0,23,3,106,16,48.683331,10.9,Germany,Bayern,0.0
2026-04-17 00:00:00,0.0,0.0,0.11304,0.10922,0.11041,0.10853,0.13021,0.15847,0.15538,0.12302,0.11242,0.08993,0.04306,0.02501,0.02008,0.02506,0.05869,0.08773,0.11218,0.13952,0.16818,0.1544,0.13712,0.1168,0.12317,0.11301,0.11021,6.9,10.0,0.0,90.0,7.0,0.0,0.0,0.0,0.0,0.0,0.0,0,4,107,17,48.683331,10.9,Germany,Bayern,0.0
2026-04-17 01:00:00,0.0,0.0,0.10922,0.11041,0.10853,0.13021,0.15847,0.15538,0.12302,0.11242,0.08993,0.04306,0.02501,0.02008,0.02506,0.05869,0.08773,0.11218,0.13952,0.16818,0.1544,0.13712,0.1168,0.12317,0.11301,0.11021,0.10819,5.3,22.0,0.0,93.0,7.8,0.0,0.0,0.0,0.0,0.0,12.0,1,4,107,17,48.683331,10.9,Germany,Bayern,0.0
2026-04-17 02:00:00,0.0,0.0,0.11041,0.10853,0.13021,0.15847,0.15538,0.12302,0.11242,0.08993,0.04306,0.02501,0.02008,0.02506,0.05869,0.08773,0.11218,0.13952,0.16818,0.1544,0.13712,0.1168,0.12317,0.11301,0.11021,0.10819,0.10786,6.4,22.0,0.0,93.0,7.1,0.0,0.0,0.0,0.0,12.0,120.0,2,4,107,17,48.683331,10.9,Germany,Bayern,0.0
2026-04-17 03:00:00,0.0,0.0,0.10853,0.13021,0.15847,0.15538,0.12302,0.11242,0.08993,0.04306,0.02501,0.02008,0.02506,0.05869,0.08773,0.11218,0.13952,0.16818,0.1544,0.13712,0.1168,0.12317,0.11301,0.11021,0.10819,0.10786,0.11046,6.4,32.0,0.0,91.0,5.2,0.0,0.0,0.0,12.0,120.0,267.0,3,4,107,17,48.683331,10.9,Germany,Bayern,0.0
2026-04-17 04:00:00,0.0,0.0,0.13021,0.15847,0.15538,0.12302,0.11242,0.08993,0.04306,0.02501,0.02008,0.02506,0.05869,0.08773,0.11218,0.13952,0.16818,0.1544,0.13712,0.1168,0.12317,0.11301,0.11021,0.10819,0.10786,0.11046,0.112,6.4,29.0,0.0,91.0,3.9,0.0,0.0,12.0,120.0,267.0,451.0,4,4,107,17,48.683331,10.9,Germany,Bayern,0.0
2026-04-17 05:00:00,0.0,0.0,0.15847,0.15538,0.12302,0.11242,0.08993,0.04306,0.02501,0.02008,0.02506,0.05869,0.08773,0.11218,0.13952,0.16818,0.1544,0.13712,0.1168,0.12317,0.11301,0.11021,0.10819,0.10786,0.11046,0.112,0.10999,4.1,19.0,0.0,94.0,3.8,0.0,12.0,120.0,267.0,451.0,604.0,5,4,107,17,48.683331,10.9,Germany,Bayern,0.0
2026-04-17 06:00:00,0.0,0.0,0.15538,0.12302,0.11242,0.08993,0.04306,0.02501,0.02008,0.02506,0.05869,0.08773,0.11218,0.13952,0.16818,0.1544,0.13712,0.1168,0.12317,0.11301,0.11021,0.10819,0.10786,0.11046,0.112,0.10999,0.10582,2.8,19.0,0.0,97.0,4.8,12.0,120.0,267.0,451.0,604.0,709.0,6,4,107,17,48.683331,10.9,Germany,Bayern,0.0
2026-04-17 07:00:00,0.0,0.0,0.12302,0.11242,0.08993,0.04306,0.02501,0.02008,0.02506,0.05869,0.08773,0.11218,0.13952,0.16818,0.1544,0.13712,0.1168,0.12317,0.11301,0.11021,0.10819,0.10786,0.11046,0.112,0.10999,0.10582,0.09523,4.3,14.0,12.0,96.0,4.9,120.0,267.0,451.0,604.0,709.0,757.0,7,4,107,17,48.683331,10.9,Germany,Bayern,0.0
2026-04-17 08:00:00,0.0,300.00000000000006,0.11242,0.08993,0.04306,0.02501,0.02008,0.02506,0.05869,0.08773,0.11218,0.13952,0.16818,0.1544,0.13712,0.1168,0.12317,0.11301,0.11021,0.10819,0.10786,0.11046,0.112,0.10999,0.10582,0.09523,0.08105,7.7,12.0,120.0,88.0,4.8,267.0,451.0,604.0,709.0,757.0,723.0,8,4,107,17,48.683331,10.9,Germany,Bayern,-0.033726000000000006
2026-04-17 09:00:00,200.0,400.0,0.08993,0.04306,0.02501,0.02008,0.02506,0.05869,0.08773,0.11218,0.13952,0.16818,0.1544,0.13712,0.1168,0.12317,0.11301,0.11021,0.10819,0.10786,0.11046,0.112,0.10999,0.10582,0.09523,0.08105,0.01703,11.1,5.0,267.0,77.0,3.1,451.0,604.0,709.0,757.0,723.0,658.0,9,4,107,17,48.683331,10.9,Germany,Bayern,0.0
2026-04-17 10:00:00,400.0,400.0,0.04306,0.02501,0.02008,0.02506,0.05869,0.08773,0.11218,0.13952,0.16818,0.1544,0.13712,0.1168,0.12317,0.11301,0.11021,0.10819,0.10786,0.11046,0.112,0.10999,0.10582,0.09523,0.08105,0.01703,-0.0011,14.3,2.0,451.0,67.0,3.7,604.0,709.0,757.0,723.0,658.0,502.0,10,4,107,17,48.683331,10.9,Germany,Bayern,0.017224
2026-04-17 11:00:00,700.0000000000001,300.00000000000006,0.02501,0.02008,0.02506,0.05869,0.08773,0.11218,0.13952,0.16818,0.1544,0.13712,0.1168,0.12317,0.11301,0.11021,0.10819,0.10786,0.11046,0.112,0.10999,0.10582,0.09523,0.08105,0.01703,-0.0011,-0.00551,16.4,1.0,604.0,58.0,4.8,709.0,757.0,723.0,658.0,502.0,312.0,11,4,107,17,48.683331,10.9,Germany,Bayern,0.017507
2026-04-17 12:00:00,800.0,200.0,0.02008,0.02506,0.05869,0.08773,0.11218,0.13952,0.16818,0.1544,0.13712,0.1168,0.12317,0.11301,0.11021,0.10819,0.10786,0.11046,0.112,0.10999,0.10582,0.09523,0.08105,0.01703,-0.0011,-0.00551,-0.00202,19.9,27.0,709.0,50.0,6.6,757.0,723.0,658.0,502.0,312.0,211.0,12,4,107,17,48.683331,10.9,Germany,Bayern,0.016064000000000002
2026-04-17 13:00:00,400.0,200.0,0.02506,0.05869,0.08773,0.11218,0.13952,0.16818,0.1544,0.13712,0.1168,0.12317,0.11301,0.11021,0.10819,0.10786,0.11046,0.112,0.10999,0.10582,0.09523,0.08105,0.01703,-0.0011,-0.00551,-0.00202,0.0103,18.6,36.0,757.0,47.0,6.9,723.0,658.0,502.0,312.0,211.0,164.0,13,4,107,17,48.683331,10.9,Germany,Bayern,0.010024
2026-04-17 14:00:00,600.0000000000001,200.0,0.05869,0.08773,0.11218,0.13952,0.16818,0.1544,0.13712,0.1168,0.12317,0.11301,0.11021,0.10819,0.10786,0.11046,0.112,0.10999,0.10582,0.09523,0.08105,0.01703,-0.0011,-0.00551,-0.00202,0.0103,0.01573,19.1,48.0,723.0,43.0,7.3,658.0,502.0,312.0,211.0,164.0,56.0,14,4,107,17,48.683331,10.9,Germany,Bayern,0.03521400000000001
2026-04-17 15:00:00,500.0,200.0,0.08773,0.11218,0.13952,0.16818,0.1544,0.13712,0.1168,0.12317,0.11301,0.11021,0.10819,0.10786,0.11046,0.112,0.10999,0.10582,0.09523,0.08105,0.01703,-0.0011,-0.00551,-0.00202,0.0103,0.01573,0.05765,20.9,30.0,658.0,40.0,6.8,502.0,312.0,211.0,164.0,56.0,0.0,15,4,107,17,48.683331,10.9,Germany,Bayern,0.043865
2026-04-17 16:00:00,500.0,0.0,0.11218,0.13952,0.16818,0.1544,0.13712,0.1168,0.12317,0.11301,0.11021,0.10819,0.10786,0.11046,0.112,0.10999,0.10582,0.09523,0.08105,0.01703,-0.0011,-0.00551,-0.00202,0.0103,0.01573,0.05765,0.10631,21.4,49.0,502.0,38.0,7.5,312.0,211.0,164.0,56.0,0.0,0.0,16,4,107,17,48.683331,10.9,Germany,Bayern,0.05609
2026-04-17 17:00:00,200.0,200.0,0.13952,0.16818,0.1544,0.13712,0.1168,0.12317,0.11301,0.11021,0.10819,0.10786,0.11046,0.112,0.10999,0.10582,0.09523,0.08105,0.01703,-0.0011,-0.00551,-0.00202,0.0103,0.01573,0.05765,0.10631,0.116,19.7,63.0,312.0,39.0,8.1,211.0,164.0,56.0,0.0,0.0,0.0,17,4,107,17,48.683331,10.9,Germany,Bayern,0.027904
2026-04-17 18:00:00,100.0,100.0,0.16818,0.1544,0.13712,0.1168,0.12317,0.11301,0.11021,0.10819,0.10786,0.11046,0.112,0.10999,0.10582,0.09523,0.08105,0.01703,-0.0011,-0.00551,-0.00202,0.0103,0.01573,0.05765,0.10631,0.116,0.14295,20.4,41.0,211.0,40.0,7.9,164.0,56.0,0.0,0.0,0.0,0.0,18,4,107,17,48.683331,10.9,Germany,Bayern,0.016818
2026-04-17 19:00:00,0.0,0.0,0.1544,0.13712,0.1168,0.12317,0.11301,0.11021,0.10819,0.10786,0.11046,0.112,0.10999,0.10582,0.09523,0.08105,0.01703,-0.0011,-0.00551,-0.00202,0.0103,0.01573,0.05765,0.10631,0.116,0.14295,0.15043,18.9,7.0,164.0,43.0,6.3,56.0,0.0,0.0,0.0,0.0,0.0,19,4,107,17,48.683331,10.9,Germany,Bayern,0.0
2026-04-17 20:00:00,0.0,100.0,0.13712,0.1168,0.12317,0.11301,0.11021,0.10819,0.10786,0.11046,0.112,0.10999,0.10582,0.09523,0.08105,0.01703,-0.0011,-0.00551,-0.00202,0.0103,0.01573,0.05765,0.10631,0.116,0.14295,0.15043,0.13438,16.6,4.0,56.0,52.0,6.9,0.0,0.0,0.0,0.0,0.0,0.0,20,4,107,17,48.683331,10.9,Germany,Bayern,-0.013712
2026-04-17 21:00:00,0.0,200.0,0.1168,0.12317,0.11301,0.11021,0.10819,0.10786,0.11046,0.112,0.10999,0.10582,0.09523,0.08105,0.01703,-0.0011,-0.00551,-0.00202,0.0103,0.01573,0.05765,0.10631,0.116,0.14295,0.15043,0.13438,0.13325,14.1,4.0,0.0,61.0,8.0,0.0,0.0,0.0,0.0,0.0,0.0,21,4,107,17,48.683331,10.9,Germany,Bayern,-0.023360000000000002
2026-04-17 22:00:00,0.0,100.0,0.12317,0.11301,0.11021,0.10819,0.10786,0.11046,0.112,0.10999,0.10582,0.09523,0.08105,0.01703,-0.0011,-0.00551,-0.00202,0.0103,0.01573,0.05765,0.10631,0.116,0.14295,0.15043,0.13438,0.13325,0.12378,12.2,9.0,0.0,69.0,8.5,0.0,0.0,0.0,0.0,0.0,0.0,22,4,107,17,48.683331,10.9,Germany,Bayern,-0.012317000000000002
2026-04-17 23:00:00,0.0,0.0,0.11301,0.11021,0.10819,0.10786,0.11046,0.112,0.10999,0.10582,0.09523,0.08105,0.01703,-0.0011,-0.00551,-0.00202,0.0103,0.01573,0.05765,0.10631,0.116,0.14295,0.15043,0.13438,0.13325,0.12378,0.11232,8.5,6.0,0.0,75.0,8.7,0.0,0.0,0.0,0.0,0.0,0.0,23,4,107,17,48.683331,10.9,Germany,Bayern,0.0
2026-04-18 00:00:00,0.0,0.0,0.11021,0.10819,0.10786,0.11046,0.112,0.10999,0.10582,0.09523,0.08105,0.01703,-0.0011,-0.00551,-0.00202,0.0103,0.01573,0.05765,0.10631,0.116,0.14295,0.15043,0.13438,0.13325,0.12378,0.11232,0.11168,10.2,18.0,0.0,76.0,6.8,0.0,0.0,0.0,0.0,0.0,0.0,0,5,108,18,48.683331,10.9,Germany,Bayern,0.0
2026-04-18 01:00:00,0.0,0.0,0.10819,0.10786,0.11046,0.112,0.10999,0.10582,0.09523,0.08105,0.01703,-0.0011,-0.00551,-0.00202,0.0103,0.01573,0.05765,0.10631,0.116,0.14295,0.15043,0.13438,0.13325,0.12378,0.11232,0.11168,0.10836,9.2,27.0,0.0,81.0,5.4,0.0,0.0,0.0,0.0,0.0,14.0,1,5,108,18,48.683331,10.9,Germany,Bayern,0.0
2026-04-18 02:00:00,0.0,0.0,0.10786,0.11046,0.112,0.10999,0.10582,0.09523,0.08105,0.01703,-0.0011,-0.00551,-0.00202,0.0103,0.01573,0.05765,0.10631,0.116,0.14295,0.15043,0.13438,0.13325,0.12378,0.11232,0.11168,0.10836,0.10554,6.8,29.0,0.0,84.0,6.5,0.0,0.0,0.0,0.0,14.0,125.0,2,5,108,18,48.683331,10.9,Germany,Bayern,0.0
2026-04-18 03:00:00,0.0,0.0,0.11046,0.112,0.10999,0.10582,0.09523,0.08105,0.01703,-0.0011,-0.00551,-0.00202,0.0103,0.01573,0.05765,0.10631,0.116,0.14295,0.15043,0.13438,0.13325,0.12378,0.11232,0.11168,0.10836,0.10554,0.1062,7.5,50.0,0.0,88.0,6.4,0.0,0.0,0.0,14.0,125.0,268.0,3,5,108,18,48.683331,10.9,Germany,Bayern,0.0
2026-04-18 04:00:00,0.0,0.0,0.112,0.10999,0.10582,0.09523,0.08105,0.01703,-0.0011,-0.00551,-0.00202,0.0103,0.01573,0.05765,0.10631,0.116,0.14295,0.15043,0.13438,0.13325,0.12378,0.11232,0.11168,0.10836,0.10554,0.1062,0.10588,7.5,68.0,0.0,87.0,5.6,0.0,0.0,14.0,125.0,268.0,407.0,4,5,108,18,48.683331,10.9,Germany,Bayern,0.0
2026-04-18 05:00:00,0.0,150.00000000000003,0.10999,0.10582,0.09523,0.08105,0.01703,-0.0011,-0.00551,-0.00202,0.0103,0.01573,0.05765,0.10631,0.116,0.14295,0.15043,0.13438,0.13325,0.12378,0.11232,0.11168,0.10836,0.10554,0.1062,0.10588,0.10469,6.6,36.0,0.0,86.0,6.0,0.0,14.0,125.0,268.0,407.0,557.0,5,5,108,18,48.683331,10.9,Germany,Bayern,-0.016498500000000003
2026-04-18 06:00:00,0.0,0.0,0.10582,0.09523,0.08105,0.01703,-0.0011,-0.00551,-0.00202,0.0103,0.01573,0.05765,0.10631,0.116,0.14295,0.15043,0.13438,0.13325,0.12378,0.11232,0.11168,0.10836,0.10554,0.1062,0.10588,0.10469,0.10415,6.7,35.0,0.0,87.0,6.4,14.0,125.0,268.0,407.0,557.0,696.0,6,5,108,18,48.683331,10.9,Germany,Bayern,0.0
2026-04-18 07:00:00,0.0,50.0,0.09523,0.08105,0.01703,-0.0011,-0.00551,-0.00202,0.0103,0.01573,0.05765,0.10631,0.116,0.14295,0.15043,0.13438,0.13325,0.12378,0.11232,0.11168,0.10836,0.10554,0.1062,0.10588,0.10469,0.10415,0.09927,6.9,26.0,14.0,88.0,5.5,125.0,268.0,407.0,557.0,696.0,757.0,7,5,108,18,48.683331,10.9,Germany,Bayern,-0.0047615
2026-04-18 08:00:00,100.0,100.0,0.08105,0.01703,-0.0011,-0.00551,-0.00202,0.0103,0.01573,0.05765,0.10631,0.116,0.14295,0.15043,0.13438,0.13325,0.12378,0.11232,0.11168,0.10836,0.10554,0.1062,0.10588,0.10469,0.10415,0.09927,0.09099,8.5,21.0,125.0,87.0,3.4,268.0,407.0,557.0,696.0,757.0,637.0,8,5,108,18,48.683331,10.9,Germany,Bayern,0.008105
2026-04-18 09:00:00,100.0,100.0,0.01703,-0.0011,-0.00551,-0.00202,0.0103,0.01573,0.05765,0.10631,0.116,0.14295,0.15043,0.13438,0.13325,0.12378,0.11232,0.11168,0.10836,0.10554,0.1062,0.10588,0.10469,0.10415,0.09927,0.09099,0.049,12.2,30.0,268.0,76.0,2.2,407.0,557.0,696.0,757.0,637.0,506.0,9,5,108,18,48.683331,10.9,Germany,Bayern,0.001703
2026-04-18 10:00:00,200.0,200.0,-0.0011,-0.00551,-0.00202,0.0103,0.01573,0.05765,0.10631,0.116,0.14295,0.15043,0.13438,0.13325,0.12378,0.11232,0.11168,0.10836,0.10554,0.1062,0.10588,0.10469,0.10415,0.09927,0.09099,0.049,0.022,15.0,52.0,407.0,64.0,2.8,557.0,696.0,757.0,637.0,506.0,439.0,10,5,108,18,48.683331,10.9,Germany,Bayern,-0.00022000000000000003
2026-04-18 11:00:00,200.0,100.0,-0.00551,-0.00202,0.0103,0.01573,0.05765,0.10631,0.116,0.14295,0.15043,0.13438,0.13325,0.12378,0.11232,0.11168,0.10836,0.10554,0.1062,0.10588,0.10469,0.10415,0.09927,0.09099,0.049,0.022,0.0,17.4,66.0,557.0,54.0,2.9,696.0,757.0,637.0,506.0,439.0,373.0,11,5,108,18,48.683331,10.9,Germany,Bayern,-0.0011020000000000001
2026-04-18 12:00:00,600.0000000000001,200.0,-0.00202,0.0103,0.01573,0.05765,0.10631,0.116,0.14295,0.15043,0.13438,0.13325,0.12378,0.11232,0.11168,0.10836,0.10554,0.1062,0.10588,0.10469,0.10415,0.09927,0.09099,0.049,0.022,0.0,-0.0021,19.1,69.0,696.0,48.0,3.3,757.0,637.0,506.0,439.0,373.0,301.0,12,5,108,18,48.683331,10.9,Germany,Bayern,-0.0012120000000000004
2026-04-18 13:00:00,500.0,200.0,0.0103,0.01573,0.05765,0.10631,0.116,0.14295,0.15043,0.13438,0.13325,0.12378,0.11232,0.11168,0.10836,0.10554,0.1062,0.10588,0.10469,0.10415,0.09927,0.09099,0.049,0.022,0.0,-0.0021,-0.00321,19.9,76.0,757.0,41.0,2.4,637.0,506.0,439.0,373.0,301.0,151.0,13,5,108,18,48.683331,10.9,Germany,Bayern,0.00515
2026-04-18 14:00:00,200.0,100.0,0.01573,0.05765,0.10631,0.116,0.14295,0.15043,0.13438,0.13325,0.12378,0.11232,0.11168,0.10836,0.10554,0.1062,0.10588,0.10469,0.10415,0.09927,0.09099,0.049,0.022,0.0,-0.0021,-0.00321,-0.00064,20.1,54.0,637.0,39.0,1.1,506.0,439.0,373.0,301.0,151.0,52.0,14,5,108,18,48.683331,10.9,Germany,Bayern,0.0031460000000000004
2026-04-18 15:00:00,200.0,200.0,0.05765,0.10631,0.116,0.14295,0.15043,0.13438,0.13325,0.12378,0.11232,0.11168,0.10836,0.10554,0.1062,0.10588,0.10469,0.10415,0.09927,0.09099,0.049,0.022,0.0,-0.0021,-0.00321,-0.00064,0.02824,20.4,45.0,506.0,38.0,1.5,439.0,373.0,301.0,151.0,52.0,0.0,15,5,108,18,48.683331,10.9,Germany,Bayern,0.01153
2026-04-18 16:00:00,100.0,100.0,0.10631,0.116,0.14295,0.15043,0.13438,0.13325,0.12378,0.11232,0.11168,0.10836,0.10554,0.1062,0.10588,0.10469,0.10415,0.09927,0.09099,0.049,0.022,0.0,-0.0021,-0.00321,-0.00064,0.02824,0.08535,22.0,45.0,439.0,37.0,2.4,373.0,301.0,151.0,52.0,0.0,0.0,16,5,108,18,48.683331,10.9,Germany,Bayern,0.010631000000000002
2026-04-18 17:00:00,100.0,300.00000000000006,0.116,0.14295,0.15043,0.13438,0.13325,0.12378,0.11232,0.11168,0.10836,0.10554,0.1062,0.10588,0.10469,0.10415,0.09927,0.09099,0.049,0.022,0.0,-0.0021,-0.00321,-0.00064,0.02824,0.08535,0.11071,21.8,49.0,373.0,37.0,2.7,301.0,151.0,52.0,0.0,0.0,0.0,17,5,108,18,48.683331,10.9,Germany,Bayern,-0.011600000000000008
2026-04-18 18:00:00,0.0,300.00000000000006,0.14295,0.15043,0.13438,0.13325,0.12378,0.11232,0.11168,0.10836,0.10554,0.1062,0.10588,0.10469,0.10415,0.09927,0.09099,0.049,0.022,0.0,-0.0021,-0.00321,-0.00064,0.02824,0.08535,0.11071,0.1232,20.8,40.0,301.0,36.0,2.9,151.0,52.0,0.0,0.0,0.0,0.0,18,5,108,18,48.683331,10.9,Germany,Bayern,-0.042885000000000006
2026-04-18 19:00:00,0.0,300.00000000000006,0.15043,0.13438,0.13325,0.12378,0.11232,0.11168,0.10836,0.10554,0.1062,0.10588,0.10469,0.10415,0.09927,0.09099,0.049,0.022,0.0,-0.0021,-0.00321,-0.00064,0.02824,0.08535,0.11071,0.1232,0.12968,19.8,41.0,151.0,44.0,3.2,52.0,0.0,0.0,0.0,0.0,0.0,19,5,108,18,48.683331,10.9,Germany,Bayern,-0.04512900000000001
2026-04-18 20:00:00,0.0,400.0,0.13438,0.13325,0.12378,0.11232,0.11168,0.10836,0.10554,0.1062,0.10588,0.10469,0.10415,0.09927,0.09099,0.049,0.022,0.0,-0.0021,-0.00321,-0.00064,0.02824,0.08535,0.11071,0.1232,0.12968,0.12419,17.6,84.0,52.0,52.0,5.8,0.0,0.0,0.0,0.0,0.0,0.0,20,5,108,18,48.683331,10.9,Germany,Bayern,-0.053752
2026-04-18 21:00:00,0.0,100.0,0.13325,0.12378,0.11232,0.11168,0.10836,0.10554,0.1062,0.10588,0.10469,0.10415,0.09927,0.09099,0.049,0.022,0.0,-0.0021,-0.00321,-0.00064,0.02824,0.08535,0.11071,0.1232,0.12968,0.12419,0.11561,15.8,99.0,0.0,56.0,5.9,0.0,0.0,0.0,0.0,0.0,0.0,21,5,108,18,48.683331,10.9,Germany,Bayern,-0.013325000000000002
2026-04-18 22:00:00,0.0,0.0,0.12378,0.11232,0.11168,0.10836,0.10554,0.1062,0.10588,0.10469,0.10415,0.09927,0.09099,0.049,0.022,0.0,-0.0021,-0.00321,-0.00064,0.02824,0.08535,0.11071,0.1232,0.12968,0.12419,0.11561,0.11522,14.6,73.0,0.0,62.0,6.6,0.0,0.0,0.0,0.0,0.0,0.0,22,5,108,18,48.683331,10.9,Germany,Bayern,0.0
2026-04-18 23:00:00,0.0,0.0,0.11232,0.11168,0.10836,0.10554,0.1062,0.10588,0.10469,0.10415,0.09927,0.09099,0.049,0.022,0.0,-0.0021,-0.00321,-0.00064,0.02824,0.08535,0.11071,0.1232,0.12968,0.12419,0.11561,0.11522,0.1049,11.8,83.0,0.0,65.0,5.3,0.0,0.0,0.0,0.0,0.0,0.0,23,5,108,18,48.683331,10.9,Germany,Bayern,0.0
2026-04-19 00:00:00,0.0,0.0,0.11168,0.10836,0.10554,0.1062,0.10588,0.10469,0.10415,0.09927,0.09099,0.049,0.022,0.0,-0.0021,-0.00321,-0.00064,0.02824,0.08535,0.11071,0.1232,0.12968,0.12419,0.11561,0.11522,0.1049,0.1028,12.1,97.0,0.0,76.0,4.0,0.0,0.0,0.0,0.0,0.0,0.0,0,6,109,19,48.683331,10.9,Germany,Bayern,0.0
2026-04-19 01:00:00,0.0,0.0,0.10836,0.10554,0.1062,0.10588,0.10469,0.10415,0.09927,0.09099,0.049,0.022,0.0,-0.0021,-0.00321,-0.00064,0.02824,0.08535,0.11071,0.1232,0.12968,0.12419,0.11561,0.11522,0.1049,0.1028,0.0985,11.5,47.0,0.0,77.0,3.6,0.0,0.0,0.0,0.0,0.0,8.0,1,6,109,19,48.683331,10.9,Germany,Bayern,0.0
2026-04-19 02:00:00,0.0,0.0,0.10554,0.1062,0.10588,0.10469,0.10415,0.09927,0.09099,0.049,0.022,0.0,-0.0021,-0.00321,-0.00064,0.02824,0.08535,0.11071,0.1232,0.12968,0.12419,0.11561,0.11522,0.1049,0.1028,0.0985,0.09846,11.0,35.0,0.0,80.0,5.2,0.0,0.0,0.0,0.0,8.0,55.0,2,6,109,19,48.683331,10.9,Germany,Bayern,0.0
2026-04-19 03:00:00,0.0,0.0,0.1062,0.10588,0.10469,0.10415,0.09927,0.09099,0.049,0.022,0.0,-0.0021,-0.00321,-0.00064,0.02824,0.08535,0.11071,0.1232,0.12968,0.12419,0.11561,0.11522,0.1049,0.1028,0.0985,0.09846,0.10037,10.0,84.0,0.0,85.0,4.5,0.0,0.0,0.0,8.0,55.0,170.0,3,6,109,19,48.683331,10.9,Germany,Bayern,0.0
2026-04-19 04:00:00,0.0,0.0,0.10588,0.10469,0.10415,0.09927,0.09099,0.049,0.022,0.0,-0.0021,-0.00321,-0.00064,0.02824,0.08535,0.11071,0.1232,0.12968,0.12419,0.11561,0.11522,0.1049,0.1028,0.0985,0.09846,0.10037,0.11638,9.4,99.0,0.0,88.0,2.3,0.0,0.0,8.0,55.0,170.0,275.0,4,6,109,19,48.683331,10.9,Germany,Bayern,0.0
2026-04-19 05:00:00,0.0,0.0,0.10469,0.10415,0.09927,0.09099,0.049,0.022,0.0,-0.0021,-0.00321,-0.00064,0.02824,0.08535,0.11071,0.1232,0.12968,0.12419,0.11561,0.11522,0.1049,0.1028,0.0985,0.09846,0.10037,0.11638,0.14734,8.7,96.0,0.0,87.0,3.6,0.0,8.0,55.0,170.0,275.0,478.0,5,6,109,19,48.683331,10.9,Germany,Bayern,0.0
2026-04-19 06:00:00,0.0,0.0,0.10415,0.09927,0.09099,0.049,0.022,0.0,-0.0021,-0.00321,-0.00064,0.02824,0.08535,0.11071,0.1232,0.12968,0.12419,0.11561,0.11522,0.1049,0.1028,0.0985,0.09846,0.10037,0.11638,0.14734,0.16393,10.1,98.0,0.0,85.0,4.6,8.0,55.0,170.0,275.0,478.0,566.0,6,6,109,19,48.683331,10.9,Germany,Bayern,0.0
2026-04-19 07:00:00,0.0,0.0,0.09927,0.09099,0.049,0.022,0.0,-0.0021,-0.00321,-0.00064,0.02824,0.08535,0.11071,0.1232,0.12968,0.12419,0.11561,0.11522,0.1049,0.1028,0.0985,0.09846,0.10037,0.11638,0.14734,0.16393,0.14198,10.2,99.0,8.0,85.0,7.5,55.0,170.0,275.0,478.0,566.0,556.0,7,6,109,19,48.683331,10.9,Germany,Bayern,0.0
2026-04-19 08:00:00,0.0,0.0,0.09099,0.049,0.022,0.0,-0.0021,-0.00321,-0.00064,0.02824,0.08535,0.11071,0.1232,0.12968,0.12419,0.11561,0.11522,0.1049,0.1028,0.0985,0.09846,0.10037,0.11638,0.14734,0.16393,0.14198,0.11122,10.8,100.0,55.0,84.0,8.4,170.0,275.0,478.0,566.0,556.0,485.0,8,6,109,19,48.683331,10.9,Germany,Bayern,0.0
2026-04-19 09:00:00,0.0,0.0,0.049,0.022,0.0,-0.0021,-0.00321,-0.00064,0.02824,0.08535,0.11071,0.1232,0.12968,0.12419,0.11561,0.11522,0.1049,0.1028,0.0985,0.09846,0.10037,0.11638,0.14734,0.16393,0.14198,0.11122,0.09057,11.6,99.0,170.0,82.0,8.2,275.0,478.0,566.0,556.0,485.0,425.0,9,6,109,19,48.683331,10.9,Germany,Bayern,0.0
2026-04-19 10:00:00,0.0,0.0,0.022,0.0,-0.0021,-0.00321,-0.00064,0.02824,0.08535,0.11071,0.1232,0.12968,0.12419,0.11561,0.11522,0.1049,0.1028,0.0985,0.09846,0.10037,0.11638,0.14734,0.16393,0.14198,0.11122,0.09057,0.07364,12.1,96.0,275.0,81.0,10.4,478.0,566.0,556.0,485.0,425.0,401.0,10,6,109,19,48.683331,10.9,Germany,Bayern,0.0
2026-04-19 11:00:00,0.0,0.0,0.0,-0.0021,-0.00321,-0.00064,0.02824,0.08535,0.11071,0.1232,0.12968,0.12419,0.11561,0.11522,0.1049,0.1028,0.0985,0.09846,0.10037,0.11638,0.14734,0.16393,0.14198,0.11122,0.09057,0.07364,0.04714,13.3,82.0,478.0,76.0,14.3,566.0,556.0,485.0,425.0,401.0,362.0,11,6,109,19,48.683331,10.9,Germany,Bayern,0.0
2026-04-19 12:00:00,0.0,0.0,-0.0021,-0.00321,-0.00064,0.02824,0.08535,0.11071,0.1232,0.12968,0.12419,0.11561,0.11522,0.1049,0.1028,0.0985,0.09846,0.10037,0.11638,0.14734,0.16393,0.14198,0.11122,0.09057,0.07364,0.04714,0.02018,14.0,92.0,566.0,72.0,11.2,556.0,485.0,425.0,401.0,362.0,314.0,12,6,109,19,48.683331,10.9,Germany,Bayern,0.0
2026-04-19 13:00:00,0.0,0.0,-0.00321,-0.00064,0.02824,0.08535,0.11071,0.1232,0.12968,0.12419,0.11561,0.11522,0.1049,0.1028,0.0985,0.09846,0.10037,0.11638,0.14734,0.16393,0.14198,0.11122,0.09057,0.07364,0.04714,0.02018,0.02478,14.4,82.0,556.0,67.0,13.2,485.0,425.0,401.0,362.0,314.0,147.0,13,6,109,19,48.683331,10.9,Germany,Bayern,0.0
2026-04-19 14:00:00,0.0,0.0,-0.00064,0.02824,0.08535,0.11071,0.1232,0.12968,0.12419,0.11561,0.11522,0.1049,0.1028,0.0985,0.09846,0.10037,0.11638,0.14734,0.16393,0.14198,0.11122,0.09057,0.07364,0.04714,0.02018,0.02478,0.06261,13.7,74.0,485.0,68.0,17.3,425.0,401.0,362.0,314.0,147.0,57.0,14,6,109,19,48.683331,10.9,Germany,Bayern,0.0
2026-04-19 15:00:00,0.0,0.0,0.02824,0.08535,0.11071,0.1232,0.12968,0.12419,0.11561,0.11522,0.1049,0.1028,0.0985,0.09846,0.10037,0.11638,0.14734,0.16393,0.14198,0.11122,0.09057,0.07364,0.04714,0.02018,0.02478,0.06261,0.08159,14.2,49.0,425.0,64.0,20.4,401.0,362.0,314.0,147.0,57.0,1.0,15,6,109,19,48.683331,10.9,Germany,Bayern,0.0
2026-04-19 16:00:00,0.0,0.0,0.08535,0.11071,0.1232,0.12968,0.12419,0.11561,0.11522,0.1049,0.1028,0.0985,0.09846,0.10037,0.11638,0.14734,0.16393,0.14198,0.11122,0.09057,0.07364,0.04714,0.02018,0.02478,0.06261,0.08159,0.09921,13.9,30.0,401.0,60.0,20.4,362.0,314.0,147.0,57.0,1.0,0.0,16,6,109,19,48.683331,10.9,Germany,Bayern,0.0
2026-04-19 17:00:00,0.0,0.0,0.11071,0.1232,0.12968,0.12419,0.11561,0.11522,0.1049,0.1028,0.0985,0.09846,0.10037,0.11638,0.14734,0.16393,0.14198,0.11122,0.09057,0.07364,0.04714,0.02018,0.02478,0.06261,0.08159,0.09921,0.11848,13.6,32.0,362.0,58.0,20.5,314.0,147.0,57.0,1.0,0.0,0.0,17,6,109,19,48.683331,10.9,Germany,Bayern,0.0
2026-04-19 18:00:00,0.0,0.0,0.1232,0.12968,0.12419,0.11561,0.11522,0.1049,0.1028,0.0985,0.09846,0.10037,0.11638,0.14734,0.16393,0.14198,0.11122,0.09057,0.07364,0.04714,0.02018,0.02478,0.06261,0.08159,0.09921,0.11848,0.12909,13.2,25.0,314.0,57.0,18.7,147.0,57.0,1.0,0.0,0.0,0.0,18,6,109,19,48.683331,10.9,Germany,Bayern,0.0
2026-04-19 19:00:00,0.0,0.0,0.12968,0.12419,0.11561,0.11522,0.1049,0.1028,0.0985,0.09846,0.10037,0.11638,0.14734,0.16393,0.14198,0.11122,0.09057,0.07364,0.04714,0.02018,0.02478,0.06261,0.08159,0.09921,0.11848,0.12909,0.13004,12.2,28.0,147.0,57.0,16.5,57.0,1.0,0.0,0.0,0.0,0.0,19,6,109,19,48.683331,10.9,Germany,Bayern,0.0
2026-04-19 20:00:00,0.0,0.0,0.12419,0.11561,0.11522,0.1049,0.1028,0.0985,0.09846,0.10037,0.11638,0.14734,0.16393,0.14198,0.11122,0.09057,0.07364,0.04714,0.02018,0.02478,0.06261,0.08159,0.09921,0.11848,0.12909,0.13004,0.1231,10.7,14.0,57.0,62.0,12.3,1.0,0.0,0.0,0.0,0.0,0.0,20,6,109,19,48.683331,10.9,Germany,Bayern,0.0
2026-04-19 21:00:00,0.0,0.0,0.11561,0.11522,0.1049,0.1028,0.0985,0.09846,0.10037,0.11638,0.14734,0.16393,0.14198,0.11122,0.09057,0.07364,0.04714,0.02018,0.02478,0.06261,0.08159,0.09921,0.11848,0.12909,0.13004,0.1231,0.11507,9.2,2.0,1.0,68.0,9.3,0.0,0.0,0.0,0.0,0.0,0.0,21,6,109,19,48.683331,10.9,Germany,Bayern,0.0
2026-04-19 22:00:00,0.0,0.0,0.11522,0.1049,0.1028,0.0985,0.09846,0.10037,0.11638,0.14734,0.16393,0.14198,0.11122,0.09057,0.07364,0.04714,0.02018,0.02478,0.06261,0.08159,0.09921,0.11848,0.12909,0.13004,0.1231,0.11507,0.10159,7.8,0.0,0.0,76.0,6.0,0.0,0.0,0.0,0.0,0.0,0.0,22,6,109,19,48.683331,10.9,Germany,Bayern,0.0
2026-04-19 23:00:00,0.0,0.0,0.1049,0.1028,0.0985,0.09846,0.10037,0.11638,0.14734,0.16393,0.14198,0.11122,0.09057,0.07364,0.04714,0.02018,0.02478,0.06261,0.08159,0.09921,0.11848,0.12909,0.13004,0.1231,0.11507,0.10159,0.10057,6.5,0.0,0.0,80.0,5.6,0.0,0.0,0.0,0.0,0.0,0.0,23,6,109,19,48.683331,10.9,Germany,Bayern,0.0
2026-04-20 00:00:00,0.0,0.0,0.1028,0.0985,0.09846,0.10037,0.11638,0.14734,0.16393,0.14198,0.11122,0.09057,0.07364,0.04714,0.02018,0.02478,0.06261,0.08159,0.09921,0.11848,0.12909,0.13004,0.1231,0.11507,0.10159,0.10057,0.09809,3.6,7.0,0.0,84.0,4.0,0.0,0.0,0.0,0.0,0.0,0.0,0,0,110,20,48.683331,10.9,Germany,Bayern,0.0
2026-04-20 01:00:00,0.0,0.0,0.0985,0.09846,0.10037,0.11638,0.14734,0.16393,0.14198,0.11122,0.09057,0.07364,0.04714,0.02018,0.02478,0.06261,0.08159,0.09921,0.11848,0.12909,0.13004,0.1231,0.11507,0.10159,0.10057,0.09809,0.09751,4.6,35.0,0.0,86.0,4.7,0.0,0.0,0.0,0.0,0.0,17.0,1,0,110,20,48.683331,10.9,Germany,Bayern,0.0
2026-04-20 02:00:00,0.0,0.0,0.09846,0.10037,0.11638,0.14734,0.16393,0.14198,0.11122,0.09057,0.07364,0.04714,0.02018,0.02478,0.06261,0.08159,0.09921,0.11848,0.12909,0.13004,0.1231,0.11507,0.10159,0.10057,0.09809,0.09751,0.09764,4.0,65.0,0.0,86.0,6.0,0.0,0.0,0.0,0.0,17.0,136.0,2,0,110,20,48.683331,10.9,Germany,Bayern,0.0
2026-04-20 03:00:00,0.0,0.0,0.10037,0.11638,0.14734,0.16393,0.14198,0.11122,0.09057,0.07364,0.04714,0.02018,0.02478,0.06261,0.08159,0.09921,0.11848,0.12909,0.13004,0.1231,0.11507,0.10159,0.10057,0.09809,0.09751,0.09764,0.10003,3.3,57.0,0.0,88.0,7.1,0.0,0.0,0.0,17.0,136.0,311.0,3,0,110,20,48.683331,10.9,Germany,Bayern,0.0
2026-04-20 04:00:00,0.0,0.0,0.11638,0.14734,0.16393,0.14198,0.11122,0.09057,0.07364,0.04714,0.02018,0.02478,0.06261,0.08159,0.09921,0.11848,0.12909,0.13004,0.1231,0.11507,0.10159,0.10057,0.09809,0.09751,0.09764,0.10003,0.11671,2.7,12.0,0.0,89.0,6.4,0.0,0.0,17.0,136.0,311.0,445.0,4,0,110,20,48.683331,10.9,Germany,Bayern,0.0
2026-04-20 05:00:00,0.0,0.0,0.14734,0.16393,0.14198,0.11122,0.09057,0.07364,0.04714,0.02018,0.02478,0.06261,0.08159,0.09921,0.11848,0.12909,0.13004,0.1231,0.11507,0.10159,0.10057,0.09809,0.09751,0.09764,0.10003,0.11671,0.14479,2.6,19.0,0.0,90.0,6.4,0.0,17.0,136.0,311.0,445.0,498.0,5,0,110,20,48.683331,10.9,Germany,Bayern,0.0
2026-04-20 06:00:00,0.0,0.0,0.16393,0.14198,0.11122,0.09057,0.07364,0.04714,0.02018,0.02478,0.06261,0.08159,0.09921,0.11848,0.12909,0.13004,0.1231,0.11507,0.10159,0.10057,0.09809,0.09751,0.09764,0.10003,0.11671,0.14479,0.14114,2.3,7.0,0.0,91.0,6.4,17.0,136.0,311.0,445.0,498.0,640.0,6,0,110,20,48.683331,10.9,Germany,Bayern,0.0
2026-04-20 07:00:00,0.0,0.0,0.14198,0.11122,0.09057,0.07364,0.04714,0.02018,0.02478,0.06261,0.08159,0.09921,0.11848,0.12909,0.13004,0.1231,0.11507,0.10159,0.10057,0.09809,0.09751,0.09764,0.10003,0.11671,0.14479,0.14114,0.13144,1.4,1.0,17.0,92.0,6.8,136.0,311.0,445.0,498.0,640.0,647.0,7,0,110,20,48.683331,10.9,Germany,Bayern,0.0
2026-04-20 08:00:00,0.0,0.0,0.11122,0.09057,0.07364,0.04714,0.02018,0.02478,0.06261,0.08159,0.09921,0.11848,0.12909,0.13004,0.1231,0.11507,0.10159,0.10057,0.09809,0.09751,0.09764,0.10003,0.11671,0.14479,0.14114,0.13144,0.0877,4.8,1.0,136.0,86.0,6.4,311.0,445.0,498.0,640.0,647.0,549.0,8,0,110,20,48.683331,10.9,Germany,Bayern,0.0
2026-04-20 09:00:00,0.0,200.0,0.09057,0.07364,0.04714,0.02018,0.02478,0.06261,0.08159,0.09921,0.11848,0.12909,0.13004,0.1231,0.11507,0.10159,0.10057,0.09809,0.09751,0.09764,0.10003,0.11671,0.14479,0.14114,0.13144,0.0877,0.04402,8.0,6.0,311.0,74.0,8.2,445.0,498.0,640.0,647.0,549.0,485.0,9,0,110,20,48.683331,10.9,Germany,Bayern,-0.018114
2026-04-20 10:00:00,300.00000000000006,400.0,0.07364,0.04714,0.02018,0.02478,0.06261,0.08159,0.09921,0.11848,0.12909,0.13004,0.1231,0.11507,0.10159,0.10057,0.09809,0.09751,0.09764,0.10003,0.11671,0.14479,0.14114,0.13144,0.0877,0.04402,0.0,9.2,27.0,445.0,66.0,10.2,498.0,640.0,647.0,549.0,485.0,368.0,10,0,110,20,48.683331,10.9,Germany,Bayern,0.014728000000000008
2026-04-20 11:00:00,900.0,300.00000000000006,0.04714,0.02018,0.02478,0.06261,0.08159,0.09921,0.11848,0.12909,0.13004,0.1231,0.11507,0.10159,0.10057,0.09809,0.09751,0.09764,0.10003,0.11671,0.14479,0.14114,0.13144,0.0877,0.04402,0.0,-0.001,10.2,39.0,498.0,58.0,12.2,640.0,647.0,549.0,485.0,368.0,512.0,11,0,110,20,48.683331,10.9,Germany,Bayern,0.042426000000000005
2026-04-20 12:00:00,900.0,400.0,0.02018,0.02478,0.06261,0.08159,0.09921,0.11848,0.12909,0.13004,0.1231,0.11507,0.10159,0.10057,0.09809,0.09751,0.09764,0.10003,0.11671,0.14479,0.14114,0.13144,0.0877,0.04402,0.0,-0.001,-0.00511,12.9,49.0,640.0,53.0,13.0,647.0,549.0,485.0,368.0,512.0,342.0,12,0,110,20,48.683331,10.9,Germany,Bayern,0.018162
2026-04-20 13:00:00,1000.0,500.0,0.02478,0.06261,0.08159,0.09921,0.11848,0.12909,0.13004,0.1231,0.11507,0.10159,0.10057,0.09809,0.09751,0.09764,0.10003,0.11671,0.14479,0.14114,0.13144,0.0877,0.04402,0.0,-0.001,-0.00511,-0.0051,11.8,60.0,647.0,49.0,14.2,549.0,485.0,368.0,512.0,342.0,216.0,13,0,110,20,48.683331,10.9,Germany,Bayern,0.02478
2026-04-20 14:00:00,900.0,300.00000000000006,0.06261,0.08159,0.09921,0.11848,0.12909,0.13004,0.1231,0.11507,0.10159,0.10057,0.09809,0.09751,0.09764,0.10003,0.11671,0.14479,0.14114,0.13144,0.0877,0.04402,0.0,-0.001,-0.00511,-0.0051,-8e-05,12.1,45.0,549.0,45.0,15.0,485.0,368.0,512.0,342.0,216.0,69.0,14,0,110,20,48.683331,10.9,Germany,Bayern,0.056348999999999996
2026-04-20 15:00:00,800.0,200.0,0.08159,0.09921,0.11848,0.12909,0.13004,0.1231,0.11507,0.10159,0.10057,0.09809,0.09751,0.09764,0.10003,0.11671,0.14479,0.14114,0.13144,0.0877,0.04402,0.0,-0.001,-0.00511,-0.0051,-8e-05,0.0274,12.5,11.0,485.0,42.0,15.0,368.0,512.0,342.0,216.0,69.0,1.0,15,0,110,20,48.683331,10.9,Germany,Bayern,0.065272
2026-04-20 16:00:00,700.0000000000001,100.0,0.09921,0.11848,0.12909,0.13004,0.1231,0.11507,0.10159,0.10057,0.09809,0.09751,0.09764,0.10003,0.11671,0.14479,0.14114,0.13144,0.0877,0.04402,0.0,-0.001,-0.00511,-0.0051,-8e-05,0.0274,0.08405,12.3,24.0,368.0,41.0,15.4,512.0,342.0,216.0,69.0,1.0,0.0,16,0,110,20,48.683331,10.9,Germany,Bayern,0.06944700000000001
2026-04-20 17:00:00,400.0,300.00000000000006,0.11848,0.12909,0.13004,0.1231,0.11507,0.10159,0.10057,0.09809,0.09751,0.09764,0.10003,0.11671,0.14479,0.14114,0.13144,0.0877,0.04402,0.0,-0.001,-0.00511,-0.0051,-8e-05,0.0274,0.08405,0.11768,12.8,32.0,512.0,41.0,15.1,342.0,216.0,69.0,1.0,0.0,0.0,17,0,110,20,48.683331,10.9,Germany,Bayern,0.047392000000000004
2026-04-20 18:00:00,200.0,300.00000000000006,0.12909,0.13004,0.1231,0.11507,0.10159,0.10057,0.09809,0.09751,0.09764,0.10003,0.11671,0.14479,0.14114,0.13144,0.0877,0.04402,0.0,-0.001,-0.00511,-0.0051,-8e-05,0.0274,0.08405,0.11768,0.1505,12.3,15.0,342.0,40.0,14.7,216.0,69.0,1.0,0.0,0.0,0.0,18,0,110,20,48.683331,10.9,Germany,Bayern,0.012908999999999995
2026-04-20 19:00:00,0.0,100.0,0.13004,0.1231,0.11507,0.10159,0.10057,0.09809,0.09751,0.09764,0.10003,0.11671,0.14479,0.14114,0.13144,0.0877,0.04402,0.0,-0.001,-0.00511,-0.0051,-8e-05,0.0274,0.08405,0.11768,0.1505,0.14772,11.4,1.0,216.0,43.0,13.8,69.0,1.0,0.0,0.0,0.0,0.0,19,0,110,20,48.683331,10.9,Germany,Bayern,-0.013004
2026-04-20 20:00:00,0.0,100.0,0.1231,0.11507,0.10159,0.10057,0.09809,0.09751,0.09764,0.10003,0.11671,0.14479,0.14114,0.13144,0.0877,0.04402,0.0,-0.001,-0.00511,-0.0051,-8e-05,0.0274,0.08405,0.11768,0.1505,0.14772,0.12799,9.7,2.0,69.0,50.0,12.6,1.0,0.0,0.0,0.0,0.0,0.0,20,0,110,20,48.683331,10.9,Germany,Bayern,-0.012310000000000001
2026-04-20 21:00:00,0.0,200.0,0.11507,0.10159,0.10057,0.09809,0.09751,0.09764,0.10003,0.11671,0.14479,0.14114,0.13144,0.0877,0.04402,0.0,-0.001,-0.00511,-0.0051,-8e-05,0.0274,0.08405,0.11768,0.1505,0.14772,0.12799,0.11801,7.5,2.0,1.0,60.0,10.8,0.0,0.0,0.0,0.0,0.0,0.0,21,0,110,20,48.683331,10.9,Germany,Bayern,-0.023014000000000003
2026-04-20 22:00:00,0.0,100.0,0.10159,0.10057,0.09809,0.09751,0.09764,0.10003,0.11671,0.14479,0.14114,0.13144,0.0877,0.04402,0.0,-0.001,-0.00511,-0.0051,-8e-05,0.0274,0.08405,0.11768,0.1505,0.14772,0.12799,0.11801,0.11094,6.1,3.0,0.0,66.0,7.7,0.0,0.0,0.0,0.0,0.0,0.0,22,0,110,20,48.683331,10.9,Germany,Bayern,-0.010159000000000001
2026-04-20 23:00:00,0.0,0.0,0.10057,0.09809,0.09751,0.09764,0.10003,0.11671,0.14479,0.14114,0.13144,0.0877,0.04402,0.0,-0.001,-0.00511,-0.0051,-8e-05,0.0274,0.08405,0.11768,0.1505,0.14772,0.12799,0.11801,0.11094,0.10608,5.1,2.0,0.0,71.0,5.6,0.0,0.0,0.0,0.0,0.0,0.0,23,0,110,20,48.683331,10.9,Germany,Bayern,0.0
2026-04-21 00:00:00,0.0,100.0,0.09809,0.09751,0.09764,0.10003,0.11671,0.14479,0.14114,0.13144,0.0877,0.04402,0.0,-0.001,-0.00511,-0.0051,-8e-05,0.0274,0.08405,0.11768,0.1505,0.14772,0.12799,0.11801,0.11094,0.10608,0.1074,3.9,2.0,0.0,79.0,5.5,0.0,0.0,0.0,0.0,0.0,0.0,0,1,111,21,48.683331,10.9,Germany,Bayern,-0.009809
2026-04-21 01:00:00,0.0,4.545454545454546,0.09751,0.09764,0.10003,0.11671,0.14479,0.14114,0.13144,0.0877,0.04402,0.0,-0.001,-0.00511,-0.0051,-8e-05,0.0274,0.08405,0.11768,0.1505,0.14772,0.12799,0.11801,0.11094,0.10608,0.1074,0.10353,3.1,2.0,0.0,83.0,6.1,0.0,0.0,0.0,0.0,0.0,11.0,1,1,111,21,48.683331,10.9,Germany,Bayern,-0.00044322727272727276
2026-04-21 02:00:00,0.0,40.909090909090914,0.09764,0.10003,0.11671,0.14479,0.14114,0.13144,0.0877,0.04402,0.0,-0.001,-0.00511,-0.0051,-8e-05,0.0274,0.08405,0.11768,0.1505,0.14772,0.12799,0.11801,0.11094,0.10608,0.1074,0.10353,0.10413,2.9,7.0,0.0,85.0,7.0,0.0,0.0,0.0,0.0,11.0,88.0,2,1,111,21,48.683331,10.9,Germany,Bayern,-0.003994363636363637
2026-04-21 03:00:00,0.0,0.0,0.10003,0.11671,0.14479,0.14114,0.13144,0.0877,0.04402,0.0,-0.001,-0.00511,-0.0051,-8e-05,0.0274,0.08405,0.11768,0.1505,0.14772,0.12799,0.11801,0.11094,0.10608,0.1074,0.10353,0.10413,0.10736,1.2,23.0,0.0,88.0,8.0,0.0,0.0,0.0,11.0,88.0,93.0,3,1,111,21,48.683331,10.9,Germany,Bayern,0.0
2026-04-21 04:00:00,0.0,0.0,0.11671,0.14479,0.14114,0.13144,0.0877,0.04402,0.0,-0.001,-0.00511,-0.0051,-8e-05,0.0274,0.08405,0.11768,0.1505,0.14772,0.12799,0.11801,0.11094,0.10608,0.1074,0.10353,0.10413,0.10736,0.1256,2.0,40.0,0.0,90.0,8.3,0.0,0.0,11.0,88.0,93.0,202.0,4,1,111,21,48.683331,10.9,Germany,Bayern,0.0
2026-04-21 05:00:00,0.0,0.0,0.14479,0.14114,0.13144,0.0877,0.04402,0.0,-0.001,-0.00511,-0.0051,-8e-05,0.0274,0.08405,0.11768,0.1505,0.14772,0.12799,0.11801,0.11094,0.10608,0.1074,0.10353,0.10413,0.10736,0.1256,0.15498,1.6,45.0,0.0,93.0,7.8,0.0,11.0,88.0,93.0,202.0,418.0,5,1,111,21,48.683331,10.9,Germany,Bayern,0.0
2026-04-21 06:00:00,0.0,0.0,0.14114,0.13144,0.0877,0.04402,0.0,-0.001,-0.00511,-0.0051,-8e-05,0.0274,0.08405,0.11768,0.1505,0.14772,0.12799,0.11801,0.11094,0.10608,0.1074,0.10353,0.10413,0.10736,0.1256,0.15498,0.14046,1.8,70.0,0.0,93.0,7.0,11.0,88.0,93.0,202.0,418.0,509.0,6,1,111,21,48.683331,10.9,Germany,Bayern,0.0
2026-04-21 07:00:00,0.0,300.00000000000006,0.13144,0.0877,0.04402,0.0,-0.001,-0.00511,-0.0051,-8e-05,0.0274,0.08405,0.11768,0.1505,0.14772,0.12799,0.11801,0.11094,0.10608,0.1074,0.10353,0.10413,0.10736,0.1256,0.15498,0.14046,0.12386,2.3,89.0,11.0,91.0,7.0,88.0,93.0,202.0,418.0,509.0,691.0,7,1,111,21,48.683331,10.9,Germany,Bayern,-0.03943200000000001
2026-04-21 08:00:00,0.0,100.0,0.0877,0.04402,0.0,-0.001,-0.00511,-0.0051,-8e-05,0.0274,0.08405,0.11768,0.1505,0.14772,0.12799,0.11801,0.11094,0.10608,0.1074,0.10353,0.10413,0.10736,0.1256,0.15498,0.14046,0.12386,0.06572,4.1,99.0,88.0,82.0,10.4,93.0,202.0,418.0,509.0,691.0,757.0,8,1,111,21,48.683331,10.9,Germany,Bayern,-0.00877
2026-04-21 09:00:00,100.0,300.00000000000006,0.04402,0.0,-0.001,-0.00511,-0.0051,-8e-05,0.0274,0.08405,0.11768,0.1505,0.14772,0.12799,0.11801,0.11094,0.10608,0.1074,0.10353,0.10413,0.10736,0.1256,0.15498,0.14046,0.12386,0.06572,-0.00036,5.0,100.0,93.0,82.0,9.3,202.0,418.0,509.0,691.0,757.0,684.0,9,1,111,21,48.683331,10.9,Germany,Bayern,-0.004402000000000003
2026-04-21 10:00:00,400.0,200.0,0.0,-0.001,-0.00511,-0.0051,-8e-05,0.0274,0.08405,0.11768,0.1505,0.14772,0.12799,0.11801,0.11094,0.10608,0.1074,0.10353,0.10413,0.10736,0.1256,0.15498,0.14046,0.12386,0.06572,-0.00036,-0.00388,6.1,100.0,202.0,80.0,8.1,418.0,509.0,691.0,757.0,684.0,522.0,10,1,111,21,48.683331,10.9,Germany,Bayern,0.0
2026-04-21 11:00:00,800.0,200.0,-0.001,-0.00511,-0.0051,-8e-05,0.0274,0.08405,0.11768,0.1505,0.14772,0.12799,0.11801,0.11094,0.10608,0.1074,0.10353,0.10413,0.10736,0.1256,0.15498,0.14046,0.12386,0.06572,-0.00036,-0.00388,-0.015,6.7,95.0,418.0,77.0,9.3,509.0,691.0,757.0,684.0,522.0,397.0,11,1,111,21,48.683331,10.9,Germany,Bayern,-0.0007999999999999999
2026-04-21 12:00:00,1200.0,300.00000000000006,-0.00511,-0.0051,-8e-05,0.0274,0.08405,0.11768,0.1505,0.14772,0.12799,0.11801,0.11094,0.10608,0.1074,0.10353,0.10413,0.10736,0.1256,0.15498,0.14046,0.12386,0.06572,-0.00036,-0.00388,-0.015,-0.02836,8.2,76.0,509.0,74.0,10.1,691.0,757.0,684.0,522.0,397.0,332.0,12,1,111,21,48.683331,10.9,Germany,Bayern,-0.006132
2026-04-21 13:00:00,1200.0,300.00000000000006,-0.0051,-8e-05,0.0274,0.08405,0.11768,0.1505,0.14772,0.12799,0.11801,0.11094,0.10608,0.1074,0.10353,0.10413,0.10736,0.1256,0.15498,0.14046,0.12386,0.06572,-0.00036,-0.00388,-0.015,-0.02836,-0.00983,9.2,57.0,691.0,71.0,9.6,757.0,684.0,522.0,397.0,332.0,168.0,13,1,111,21,48.683331,10.9,Germany,Bayern,-0.0061200000000000004
2026-04-21 14:00:00,1000.0,100.0,-8e-05,0.0274,0.08405,0.11768,0.1505,0.14772,0.12799,0.11801,0.11094,0.10608,0.1074,0.10353,0.10413,0.10736,0.1256,0.15498,0.14046,0.12386,0.06572,-0.00036,-0.00388,-0.015,-0.02836,-0.00983,-0.00147,9.8,94.0,757.0,68.0,11.9,684.0,522.0,397.0,332.0,168.0,54.0,14,1,111,21,48.683331,10.9,Germany,Bayern,-8e-05
2026-04-21 15:00:00,600.0000000000001,400.0,0.0274,0.08405,0.11768,0.1505,0.14772,0.12799,0.11801,0.11094,0.10608,0.1074,0.10353,0.10413,0.10736,0.1256,0.15498,0.14046,0.12386,0.06572,-0.00036,-0.00388,-0.015,-0.02836,-0.00983,-0.00147,0.00432,10.4,92.0,684.0,64.0,13.2,522.0,397.0,332.0,168.0,54.0,1.0,15,1,111,21,48.683331,10.9,Germany,Bayern,0.016440000000000003
2026-04-21 16:00:00,400.0,400.0,0.08405,0.11768,0.1505,0.14772,0.12799,0.11801,0.11094,0.10608,0.1074,0.10353,0.10413,0.10736,0.1256,0.15498,0.14046,0.12386,0.06572,-0.00036,-0.00388,-0.015,-0.02836,-0.00983,-0.00147,0.00432,0.07516,10.5,78.0,522.0,63.0,13.8,397.0,332.0,168.0,54.0,1.0,0.0,16,1,111,21,48.683331,10.9,Germany,Bayern,0.033620000000000004
2026-04-21 17:00:00,100.0,300.00000000000006,0.11768,0.1505,0.14772,0.12799,0.11801,0.11094,0.10608,0.1074,0.10353,0.10413,0.10736,0.1256,0.15498,0.14046,0.12386,0.06572,-0.00036,-0.00388,-0.015,-0.02836,-0.00983,-0.00147,0.00432,0.07516,0.11294,10.5,73.0,397.0,61.0,15.0,332.0,168.0,54.0,1.0,0.0,0.0,17,1,111,21,48.683331,10.9,Germany,Bayern,-0.011768000000000008
2026-04-21 18:00:00,100.0,100.0,0.1505,0.14772,0.12799,0.11801,0.11094,0.10608,0.1074,0.10353,0.10413,0.10736,0.1256,0.15498,0.14046,0.12386,0.06572,-0.00036,-0.00388,-0.015,-0.02836,-0.00983,-0.00147,0.00432,0.07516,0.11294,0.16766,9.8,48.0,332.0,63.0,15.3,168.0,54.0,1.0,0.0,0.0,0.0,18,1,111,21,48.683331,10.9,Germany,Bayern,0.015050000000000001
2026-04-21 19:00:00,100.0,100.0,0.14772,0.12799,0.11801,0.11094,0.10608,0.1074,0.10353,0.10413,0.10736,0.1256,0.15498,0.14046,0.12386,0.06572,-0.00036,-0.00388,-0.015,-0.02836,-0.00983,-0.00147,0.00432,0.07516,0.11294,0.16766,0.15001,9.5,77.0,168.0,62.0,14.1,54.0,1.0,0.0,0.0,0.0,0.0,19,1,111,21,48.683331,10.9,Germany,Bayern,0.014772
2026-04-21 20:00:00,0.0,100.0,0.12799,0.11801,0.11094,0.10608,0.1074,0.10353,0.10413,0.10736,0.1256,0.15498,0.14046,0.12386,0.06572,-0.00036,-0.00388,-0.015,-0.02836,-0.00983,-0.00147,0.00432,0.07516,0.11294,0.16766,0.15001,0.12579,8.5,35.0,54.0,60.0,11.3,1.0,0.0,0.0,0.0,0.0,0.0,20,1,111,21,48.683331,10.9,Germany,Bayern,-0.012799
2026-04-21 21:00:00,0.0,200.0,0.11801,0.11094,0.10608,0.1074,0.10353,0.10413,0.10736,0.1256,0.15498,0.14046,0.12386,0.06572,-0.00036,-0.00388,-0.015,-0.02836,-0.00983,-0.00147,0.00432,0.07516,0.11294,0.16766,0.15001,0.12579,0.10947,7.4,28.0,1.0,63.0,10.2,0.0,0.0,0.0,0.0,0.0,0.0,21,1,111,21,48.683331,10.9,Germany,Bayern,-0.023602
2026-04-21 22:00:00,0.0,100.0,0.11094,0.10608,0.1074,0.10353,0.10413,0.10736,0.1256,0.15498,0.14046,0.12386,0.06572,-0.00036,-0.00388,-0.015,-0.02836,-0.00983,-0.00147,0.00432,0.07516,0.11294,0.16766,0.15001,0.12579,0.10947,0.10345,6.1,33.0,0.0,67.0,10.0,0.0,0.0,0.0,0.0,0.0,0.0,22,1,111,21,48.683331,10.9,Germany,Bayern,-0.011094
2026-04-21 23:00:00,0.0,0.0,0.10608,0.1074,0.10353,0.10413,0.10736,0.1256,0.15498,0.14046,0.12386,0.06572,-0.00036,-0.00388,-0.015,-0.02836,-0.00983,-0.00147,0.00432,0.07516,0.11294,0.16766,0.15001,0.12579,0.10947,0.10345,0.10061,5.3,42.0,0.0,69.0,11.4,0.0,0.0,0.0,0.0,0.0,0.0,23,1,111,21,48.683331,10.9,Germany,Bayern,0.0
2026-04-22 00:00:00,0.0,100.0,0.1074,0.10353,0.10413,0.10736,0.1256,0.15498,0.14046,0.12386,0.06572,-0.00036,-0.00388,-0.015,-0.02836,-0.00983,-0.00147,0.00432,0.07516,0.11294,0.16766,0.15001,0.12579,0.10947,0.10345,0.10061,0.09779,4.5,27.0,0.0,72.0,13.2,0.0,0.0,0.0,0.0,0.0,0.0,0,2,112,22,48.683331,10.9,Germany,Bayern,-0.01074
2026-04-22 01:00:00,0.0,0.0,0.10353,0.10413,0.10736,0.1256,0.15498,0.14046,0.12386,0.06572,-0.00036,-0.00388,-0.015,-0.02836,-0.00983,-0.00147,0.00432,0.07516,0.11294,0.16766,0.15001,0.12579,0.10947,0.10345,0.10061,0.09779,0.09661,3.8,7.0,0.0,74.0,12.4,0.0,0.0,0.0,0.0,0.0,22.0,1,2,112,22,48.683331,10.9,Germany,Bayern,0.0
2026-04-22 02:00:00,0.0,100.0,0.10413,0.10736,0.1256,0.15498,0.14046,0.12386,0.06572,-0.00036,-0.00388,-0.015,-0.02836,-0.00983,-0.00147,0.00432,0.07516,0.11294,0.16766,0.15001,0.12579,0.10947,0.10345,0.10061,0.09779,0.09661,0.09298,3.0,1.0,0.0,78.0,11.3,0.0,0.0,0.0,0.0,22.0,152.0,2,2,112,22,48.683331,10.9,Germany,Bayern,-0.010413
2026-04-22 03:00:00,0.0,100.0,0.10736,0.1256,0.15498,0.14046,0.12386,0.06572,-0.00036,-0.00388,-0.015,-0.02836,-0.00983,-0.00147,0.00432,0.07516,0.11294,0.16766,0.15001,0.12579,0.10947,0.10345,0.10061,0.09779,0.09661,0.09298,0.09789,2.1,0.0,0.0,81.0,10.9,0.0,0.0,0.0,22.0,152.0,327.0,3,2,112,22,48.683331,10.9,Germany,Bayern,-0.010736
2026-04-22 04:00:00,0.0,0.0,0.1256,0.15498,0.14046,0.12386,0.06572,-0.00036,-0.00388,-0.015,-0.02836,-0.00983,-0.00147,0.00432,0.07516,0.11294,0.16766,0.15001,0.12579,0.10947,0.10345,0.10061,0.09779,0.09661,0.09298,0.09789,0.11362,0.2,0.0,0.0,84.0,10.6,0.0,0.0,22.0,152.0,327.0,501.0,4,2,112,22,48.683331,10.9,Germany,Bayern,0.0
2026-04-22 05:00:00,0.0,100.0,0.15498,0.14046,0.12386,0.06572,-0.00036,-0.00388,-0.015,-0.02836,-0.00983,-0.00147,0.00432,0.07516,0.11294,0.16766,0.15001,0.12579,0.10947,0.10345,0.10061,0.09779,0.09661,0.09298,0.09789,0.11362,0.12839,-0.3,0.0,0.0,85.0,10.7,0.0,22.0,152.0,327.0,501.0,652.0,5,2,112,22,48.683331,10.9,Germany,Bayern,-0.015498000000000001
2026-04-22 06:00:00,0.0,100.0,0.14046,0.12386,0.06572,-0.00036,-0.00388,-0.015,-0.02836,-0.00983,-0.00147,0.00432,0.07516,0.11294,0.16766,0.15001,0.12579,0.10947,0.10345,0.10061,0.09779,0.09661,0.09298,0.09789,0.11362,0.12839,0.13158,0.6,0.0,0.0,86.0,10.8,22.0,152.0,327.0,501.0,652.0,767.0,6,2,112,22,48.683331,10.9,Germany,Bayern,-0.014046000000000001
2026-04-22 07:00:00,0.0,100.0,0.12386,0.06572,-0.00036,-0.00388,-0.015,-0.02836,-0.00983,-0.00147,0.00432,0.07516,0.11294,0.16766,0.15001,0.12579,0.10947,0.10345,0.10061,0.09779,0.09661,0.09298,0.09789,0.11362,0.12839,0.13158,0.11759,1.0,0.0,22.0,84.0,11.2,152.0,327.0,501.0,652.0,767.0,833.0,7,2,112,22,48.683331,10.9,Germany,Bayern,-0.012386000000000001
2026-04-22 08:00:00,0.0,400.0,0.06572,-0.00036,-0.00388,-0.015,-0.02836,-0.00983,-0.00147,0.00432,0.07516,0.11294,0.16766,0.15001,0.12579,0.10947,0.10345,0.10061,0.09779,0.09661,0.09298,0.09789,0.11362,0.12839,0.13158,0.11759,0.0005,3.5,0.0,152.0,75.0,10.9,327.0,501.0,652.0,767.0,833.0,828.0,8,2,112,22,48.683331,10.9,Germany,Bayern,-0.026288000000000002
2026-04-22 09:00:00,200.0,100.0,-0.00036,-0.00388,-0.015,-0.02836,-0.00983,-0.00147,0.00432,0.07516,0.11294,0.16766,0.15001,0.12579,0.10947,0.10345,0.10061,0.09779,0.09661,0.09298,0.09789,0.11362,0.12839,0.13158,0.11759,0.0005,-0.00184,6.8,0.0,327.0,61.0,11.5,501.0,652.0,767.0,833.0,828.0,790.0,9,2,112,22,48.683331,10.9,Germany,Bayern,-7.2e-05
2026-04-22 10:00:00,400.0,100.0,-0.00388,-0.015,-0.02836,-0.00983,-0.00147,0.00432,0.07516,0.11294,0.16766,0.15001,0.12579,0.10947,0.10345,0.10061,0.09779,0.09661,0.09298,0.09789,0.11362,0.12839,0.13158,0.11759,0.0005,-0.00184,-0.01399,9.3,0.0,501.0,48.0,13.6,652.0,767.0,833.0,828.0,790.0,654.0,10,2,112,22,48.683331,10.9,Germany,Bayern,-0.0015520000000000002
2026-04-22 11:00:00,899.9999999999999,200.0,-0.015,-0.02836,-0.00983,-0.00147,0.00432,0.07516,0.11294,0.16766,0.15001,0.12579,0.10947,0.10345,0.10061,0.09779,0.09661,0.09298,0.09789,0.11362,0.12839,0.13158,0.11759,0.0005,-0.00184,-0.01399,-0.03998,10.7,0.0,652.0,39.0,15.2,767.0,833.0,828.0,790.0,654.0,518.0,11,2,112,22,48.683331,10.9,Germany,Bayern,-0.013499999999999998
2026-04-22 12:00:00,1200.0,300.00000000000006,-0.02836,-0.00983,-0.00147,0.00432,0.07516,0.11294,0.16766,0.15001,0.12579,0.10947,0.10345,0.10061,0.09779,0.09661,0.09298,0.09789,0.11362,0.12839,0.13158,0.11759,0.0005,-0.00184,-0.01399,-0.03998,-0.05632,13.6,0.0,767.0,35.0,14.1,833.0,828.0,790.0,654.0,518.0,414.0,12,2,112,22,48.683331,10.9,Germany,Bayern,-0.03403200000000001
2026-04-22 13:00:00,800.0,200.0,-0.00983,-0.00147,0.00432,0.07516,0.11294,0.16766,0.15001,0.12579,0.10947,0.10345,0.10061,0.09779,0.09661,0.09298,0.09789,0.11362,0.12839,0.13158,0.11759,0.0005,-0.00184,-0.01399,-0.03998,-0.05632,-0.039,12.3,0.0,833.0,35.0,13.4,828.0,790.0,654.0,518.0,414.0,236.0,13,2,112,22,48.683331,10.9,Germany,Bayern,-0.007864
2026-04-22 14:00:00,300.00000000000006,200.0,-0.00147,0.00432,0.07516,0.11294,0.16766,0.15001,0.12579,0.10947,0.10345,0.10061,0.09779,0.09661,0.09298,0.09789,0.11362,0.12839,0.13158,0.11759,0.0005,-0.00184,-0.01399,-0.03998,-0.05632,-0.039,-0.00653,12.9,0.0,828.0,35.0,12.7,790.0,654.0,518.0,414.0,236.0,76.0,14,2,112,22,48.683331,10.9,Germany,Bayern,-0.0004410000000000001
2026-04-22 15:00:00,300.00000000000006,300.00000000000006,0.00432,0.07516,0.11294,0.16766,0.15001,0.12579,0.10947,0.10345,0.10061,0.09779,0.09661,0.09298,0.09789,0.11362,0.12839,0.13158,0.11759,0.0005,-0.00184,-0.01399,-0.03998,-0.05632,-0.039,-0.00653,-5e-05,13.8,0.0,790.0,32.0,12.1,654.0,518.0,414.0,236.0,76.0,1.0,15,2,112,22,48.683331,10.9,Germany,Bayern,0.0012960000000000003
2026-04-22 16:00:00,100.0,100.0,0.07516,0.11294,0.16766,0.15001,0.12579,0.10947,0.10345,0.10061,0.09779,0.09661,0.09298,0.09789,0.11362,0.12839,0.13158,0.11759,0.0005,-0.00184,-0.01399,-0.03998,-0.05632,-0.039,-0.00653,-5e-05,0.04757,14.2,0.0,654.0,31.0,10.8,518.0,414.0,236.0,76.0,1.0,0.0,16,2,112,22,48.683331,10.9,Germany,Bayern,0.007516000000000001
2026-04-22 17:00:00,200.0,100.0,0.11294,0.16766,0.15001,0.12579,0.10947,0.10345,0.10061,0.09779,0.09661,0.09298,0.09789,0.11362,0.12839,0.13158,0.11759,0.0005,-0.00184,-0.01399,-0.03998,-0.05632,-0.039,-0.00653,-5e-05,0.04757,0.10521,14.6,0.0,518.0,30.0,10.7,414.0,236.0,76.0,1.0,0.0,0.0,17,2,112,22,48.683331,10.9,Germany,Bayern,0.022588
2026-04-22 18:00:00,100.0,100.0,0.16766,0.15001,0.12579,0.10947,0.10345,0.10061,0.09779,0.09661,0.09298,0.09789,0.11362,0.12839,0.13158,0.11759,0.0005,-0.00184,-0.01399,-0.03998,-0.05632,-0.039,-0.00653,-5e-05,0.04757,0.10521,0.14491,14.6,0.0,414.0,30.0,10.6,236.0,76.0,1.0,0.0,0.0,0.0,18,2,112,22,48.683331,10.9,Germany,Bayern,0.016766
2026-04-22 19:00:00,0.0,100.0,0.15001,0.12579,0.10947,0.10345,0.10061,0.09779,0.09661,0.09298,0.09789,0.11362,0.12839,0.13158,0.11759,0.0005,-0.00184,-0.01399,-0.03998,-0.05632,-0.039,-0.00653,-5e-05,0.04757,0.10521,0.14491,0.12539,14.0,0.0,236.0,34.0,8.0,76.0,1.0,0.0,0.0,0.0,0.0,19,2,112,22,48.683331,10.9,Germany,Bayern,-0.015001
2026-04-22 20:00:00,0.0,100.0,0.12579,0.10947,0.10345,0.10061,0.09779,0.09661,0.09298,0.09789,0.11362,0.12839,0.13158,0.11759,0.0005,-0.00184,-0.01399,-0.03998,-0.05632,-0.039,-0.00653,-5e-05,0.04757,0.10521,0.14491,0.12539,0.11346,11.8,0.0,76.0,46.0,5.2,1.0,0.0,0.0,0.0,0.0,0.0,20,2,112,22,48.683331,10.9,Germany,Bayern,-0.012579000000000002
2026-04-22 21:00:00,0.0,200.0,0.10947,0.10345,0.10061,0.09779,0.09661,0.09298,0.09789,0.11362,0.12839,0.13158,0.11759,0.0005,-0.00184,-0.01399,-0.03998,-0.05632,-0.039,-0.00653,-5e-05,0.04757,0.10521,0.14491,0.12539,0.11346,0.10464,8.8,0.0,1.0,55.0,5.7,0.0,0.0,0.0,0.0,0.0,0.0,21,2,112,22,48.683331,10.9,Germany,Bayern,-0.021894
2026-04-22 22:00:00,0.0,100.0,0.10345,0.10061,0.09779,0.09661,0.09298,0.09789,0.11362,0.12839,0.13158,0.11759,0.0005,-0.00184,-0.01399,-0.03998,-0.05632,-0.039,-0.00653,-5e-05,0.04757,0.10521,0.14491,0.12539,0.11346,0.10464,0.11103,7.4,0.0,0.0,59.0,7.2,0.0,0.0,0.0,0.0,0.0,0.0,22,2,112,22,48.683331,10.9,Germany,Bayern,-0.010345
2026-04-22 23:00:00,0.0,250.0,0.10061,0.09779,0.09661,0.09298,0.09789,0.11362,0.12839,0.13158,0.11759,0.0005,-0.00184,-0.01399,-0.03998,-0.05632,-0.039,-0.00653,-5e-05,0.04757,0.10521,0.14491,0.12539,0.11346,0.10464,0.11103,0.10139,6.2,0.0,0.0,63.0,9.1,0.0,0.0,0.0,0.0,0.0,0.0,23,2,112,22,48.683331,10.9,Germany,Bayern,-0.0251525
2026-04-23 00:00:00,0.0,0.0,0.09779,0.09661,0.09298,0.09789,0.11362,0.12839,0.13158,0.11759,0.0005,-0.00184,-0.01399,-0.03998,-0.05632,-0.039,-0.00653,-5e-05,0.04757,0.10521,0.14491,0.12539,0.11346,0.10464,0.11103,0.10139,0.1017,5.4,0.0,0.0,67.0,8.4,0.0,0.0,0.0,0.0,0.0,0.0,0,3,113,23,48.683331,10.9,Germany,Bayern,0.0
2026-04-23 01:00:00,0.0,0.0,0.09661,0.09298,0.09789,0.11362,0.12839,0.13158,0.11759,0.0005,-0.00184,-0.01399,-0.03998,-0.05632,-0.039,-0.00653,-5e-05,0.04757,0.10521,0.14491,0.12539,0.11346,0.10464,0.11103,0.10139,0.1017,0.10057,4.4,0.0,0.0,70.0,8.1,0.0,0.0,0.0,0.0,0.0,25.0,1,3,113,23,48.683331,10.9,Germany,Bayern,0.0
2026-04-23 02:00:00,0.0,100.0,0.09298,0.09789,0.11362,0.12839,0.13158,0.11759,0.0005,-0.00184,-0.01399,-0.03998,-0.05632,-0.039,-0.00653,-5e-05,0.04757,0.10521,0.14491,0.12539,0.11346,0.10464,0.11103,0.10139,0.1017,0.10057,0.10215,1.8,0.0,0.0,74.0,8.0,0.0,0.0,0.0,0.0,25.0,157.0,2,3,113,23,48.683331,10.9,Germany,Bayern,-0.009297999999999999
2026-04-23 03:00:00,0.0,100.0,0.09789,0.11362,0.12839,0.13158,0.11759,0.0005,-0.00184,-0.01399,-0.03998,-0.05632,-0.039,-0.00653,-5e-05,0.04757,0.10521,0.14491,0.12539,0.11346,0.10464,0.11103,0.10139,0.1017,0.10057,0.10215,0.10495,2.4,0.0,0.0,77.0,6.0,0.0,0.0,0.0,25.0,157.0,333.0,3,3,113,23,48.683331,10.9,Germany,Bayern,-0.009789
2026-04-23 04:00:00,0.0,100.0,0.11362,0.12839,0.13158,0.11759,0.0005,-0.00184,-0.01399,-0.03998,-0.05632,-0.039,-0.00653,-5e-05,0.04757,0.10521,0.14491,0.12539,0.11346,0.10464,0.11103,0.10139,0.1017,0.10057,0.10215,0.10495,0.12518,1.4,0.0,0.0,81.0,7.5,0.0,0.0,25.0,157.0,333.0,508.0,4,3,113,23,48.683331,10.9,Germany,Bayern,-0.011362
2026-04-23 05:00:00,0.0,100.0,0.12839,0.13158,0.11759,0.0005,-0.00184,-0.01399,-0.03998,-0.05632,-0.039,-0.00653,-5e-05,0.04757,0.10521,0.14491,0.12539,0.11346,0.10464,0.11103,0.10139,0.1017,0.10057,0.10215,0.10495,0.12518,0.14944,-1.0,0.0,0.0,84.0,5.8,0.0,25.0,157.0,333.0,508.0,658.0,5,3,113,23,48.683331,10.9,Germany,Bayern,-0.012839000000000001
2026-04-23 06:00:00,0.0,100.0,0.13158,0.11759,0.0005,-0.00184,-0.01399,-0.03998,-0.05632,-0.039,-0.00653,-5e-05,0.04757,0.10521,0.14491,0.12539,0.11346,0.10464,0.11103,0.10139,0.1017,0.10057,0.10215,0.10495,0.12518,0.14944,0.15495,-0.1,4.0,0.0,86.0,6.1,25.0,157.0,333.0,508.0,658.0,772.0,6,3,113,23,48.683331,10.9,Germany,Bayern,-0.013158000000000001
2026-04-23 07:00:00,0.0,300.00000000000006,0.11759,0.0005,-0.00184,-0.01399,-0.03998,-0.05632,-0.039,-0.00653,-5e-05,0.04757,0.10521,0.14491,0.12539,0.11346,0.10464,0.11103,0.10139,0.1017,0.10057,0.10215,0.10495,0.12518,0.14944,0.15495,0.12829,0.9,3.0,25.0,82.0,4.0,157.0,333.0,508.0,658.0,772.0,837.0,7,3,113,23,48.683331,10.9,Germany,Bayern,-0.035277
2026-04-23 08:00:00,100.0,300.00000000000006,0.0005,-0.00184,-0.01399,-0.03998,-0.05632,-0.039,-0.00653,-5e-05,0.04757,0.10521,0.14491,0.12539,0.11346,0.10464,0.11103,0.10139,0.1017,0.10057,0.10215,0.10495,0.12518,0.14944,0.15495,0.12829,0.05969,4.1,6.0,157.0,72.0,4.4,333.0,508.0,658.0,772.0,837.0,849.0,8,3,113,23,48.683331,10.9,Germany,Bayern,-5.000000000000003e-05
2026-04-23 09:00:00,200.0,100.0,-0.00184,-0.01399,-0.03998,-0.05632,-0.039,-0.00653,-5e-05,0.04757,0.10521,0.14491,0.12539,0.11346,0.10464,0.11103,0.10139,0.1017,0.10057,0.10215,0.10495,0.12518,0.14944,0.15495,0.12829,0.05969,9e-05,7.9,10.0,333.0,60.0,3.1,508.0,658.0,772.0,837.0,849.0,808.0,9,3,113,23,48.683331,10.9,Germany,Bayern,-0.00036800000000000005
2026-04-23 10:00:00,500.0,0.0,-0.01399,-0.03998,-0.05632,-0.039,-0.00653,-5e-05,0.04757,0.10521,0.14491,0.12539,0.11346,0.10464,0.11103,0.10139,0.1017,0.10057,0.10215,0.10495,0.12518,0.14944,0.15495,0.12829,0.05969,9e-05,-0.0015,12.5,23.0,508.0,47.0,4.4,658.0,772.0,837.0,849.0,808.0,716.0,10,3,113,23,48.683331,10.9,Germany,Bayern,-0.006995
2026-04-23 11:00:00,800.0,200.0,-0.03998,-0.05632,-0.039,-0.00653,-5e-05,0.04757,0.10521,0.14491,0.12539,0.11346,0.10464,0.11103,0.10139,0.1017,0.10057,0.10215,0.10495,0.12518,0.14944,0.15495,0.12829,0.05969,9e-05,-0.0015,-0.015,12.6,7.0,658.0,39.0,6.3,772.0,837.0,849.0,808.0,716.0,582.0,11,3,113,23,48.683331,10.9,Germany,Bayern,-0.031984
2026-04-23 12:00:00,1200.0,200.0,-0.05632,-0.039,-0.00653,-5e-05,0.04757,0.10521,0.14491,0.12539,0.11346,0.10464,0.11103,0.10139,0.1017,0.10057,0.10215,0.10495,0.12518,0.14944,0.15495,0.12829,0.05969,9e-05,-0.0015,-0.015,-0.03269,14.2,4.0,772.0,35.0,5.6,837.0,849.0,808.0,716.0,582.0,418.0,12,3,113,23,48.683331,10.9,Germany,Bayern,-0.067584
2026-04-23 13:00:00,1100.0,400.0,-0.039,-0.00653,-5e-05,0.04757,0.10521,0.14491,0.12539,0.11346,0.10464,0.11103,0.10139,0.1017,0.10057,0.10215,0.10495,0.12518,0.14944,0.15495,0.12829,0.05969,9e-05,-0.0015,-0.015,-0.03269,-0.02673,15.3,1.0,837.0,33.0,7.2,849.0,808.0,716.0,582.0,418.0,241.0,13,3,113,23,48.683331,10.9,Germany,Bayern,-0.0429
2026-04-23 14:00:00,600.0000000000001,700.0000000000001,-0.00653,-5e-05,0.04757,0.10521,0.14491,0.12539,0.11346,0.10464,0.11103,0.10139,0.1017,0.10057,0.10215,0.10495,0.12518,0.14944,0.15495,0.12829,0.05969,9e-05,-0.0015,-0.015,-0.03269,-0.02673,-0.00543,16.3,12.0,849.0,29.0,9.6,808.0,716.0,582.0,418.0,241.0,80.0,14,3,113,23,48.683331,10.9,Germany,Bayern,-0.0032650000000000005
2026-04-23 15:00:00,700.0000000000001,600.0000000000001,-5e-05,0.04757,0.10521,0.14491,0.12539,0.11346,0.10464,0.11103,0.10139,0.1017,0.10057,0.10215,0.10495,0.12518,0.14944,0.15495,0.12829,0.05969,9e-05,-0.0015,-0.015,-0.03269,-0.02673,-0.00543,0.0,17.1,0.0,808.0,26.0,11.5,716.0,582.0,418.0,241.0,80.0,2.0,15,3,113,23,48.683331,10.9,Germany,Bayern,-3.500000000000001e-05
2026-04-23 16:00:00,300.00000000000006,300.00000000000006,0.04757,0.10521,0.14491,0.12539,0.11346,0.10464,0.11103,0.10139,0.1017,0.10057,0.10215,0.10495,0.12518,0.14944,0.15495,0.12829,0.05969,9e-05,-0.0015,-0.015,-0.03269,-0.02673,-0.00543,0.0,0.05802,17.9,0.0,716.0,24.0,13.3,582.0,418.0,241.0,80.0,2.0,0.0,16,3,113,23,48.683331,10.9,Germany,Bayern,0.014271000000000002
2026-04-23 17:00:00,200.0,100.0,0.10521,0.14491,0.12539,0.11346,0.10464,0.11103,0.10139,0.1017,0.10057,0.10215,0.10495,0.12518,0.14944,0.15495,0.12829,0.05969,9e-05,-0.0015,-0.015,-0.03269,-0.02673,-0.00543,0.0,0.05802,0.10798,18.2,0.0,582.0,23.0,13.8,418.0,241.0,80.0,2.0,0.0,0.0,17,3,113,23,48.683331,10.9,Germany,Bayern,0.021042
2026-04-23 18:00:00,100.0,100.0,0.14491,0.12539,0.11346,0.10464,0.11103,0.10139,0.1017,0.10057,0.10215,0.10495,0.12518,0.14944,0.15495,0.12829,0.05969,9e-05,-0.0015,-0.015,-0.03269,-0.02673,-0.00543,0.0,0.05802,0.10798,0.14151,18.0,0.0,418.0,23.0,13.5,241.0,80.0,2.0,0.0,0.0,0.0,18,3,113,23,48.683331,10.9,Germany,Bayern,0.014491000000000002
2026-04-23 19:00:00,0.0,200.0,0.12539,0.11346,0.10464,0.11103,0.10139,0.1017,0.10057,0.10215,0.10495,0.12518,0.14944,0.15495,0.12829,0.05969,9e-05,-0.0015,-0.015,-0.03269,-0.02673,-0.00543,0.0,0.05802,0.10798,0.14151,0.16325,17.3,0.0,241.0,25.0,10.8,80.0,2.0,0.0,0.0,0.0,0.0,19,3,113,23,48.683331,10.9,Germany,Bayern,-0.025078000000000003
2026-04-23 20:00:00,0.0,100.0,0.11346,0.10464,0.11103,0.10139,0.1017,0.10057,0.10215,0.10495,0.12518,0.14944,0.15495,0.12829,0.05969,9e-05,-0.0015,-0.015,-0.03269,-0.02673,-0.00543,0.0,0.05802,0.10798,0.14151,0.16325,0.12986,13.8,0.0,80.0,31.0,9.7,2.0,0.0,0.0,0.0,0.0,0.0,20,3,113,23,48.683331,10.9,Germany,Bayern,-0.011346000000000002
2026-04-23 21:00:00,0.0,100.0,0.10464,0.11103,0.10139,0.1017,0.10057,0.10215,0.10495,0.12518,0.14944,0.15495,0.12829,0.05969,9e-05,-0.0015,-0.015,-0.03269,-0.02673,-0.00543,0.0,0.05802,0.10798,0.14151,0.16325,0.12986,0.11796,12.3,0.0,2.0,39.0,9.6,0.0,0.0,0.0,0.0,0.0,0.0,21,3,113,23,48.683331,10.9,Germany,Bayern,-0.010464000000000001
2026-04-23 22:00:00,0.0,100.0,0.11103,0.10139,0.1017,0.10057,0.10215,0.10495,0.12518,0.14944,0.15495,0.12829,0.05969,9e-05,-0.0015,-0.015,-0.03269,-0.02673,-0.00543,0.0,0.05802,0.10798,0.14151,0.16325,0.12986,0.11796,0.10672,10.4,1.0,0.0,46.0,9.2,0.0,0.0,0.0,0.0,0.0,0.0,22,3,113,23,48.683331,10.9,Germany,Bayern,-0.011103000000000002
2026-04-23 23:00:00,0.0,250.0,0.10139,0.1017,0.10057,0.10215,0.10495,0.12518,0.14944,0.15495,0.12829,0.05969,9e-05,-0.0015,-0.015,-0.03269,-0.02673,-0.00543,0.0,0.05802,0.10798,0.14151,0.16325,0.12986,0.11796,0.10672,0.0982,8.8,2.0,0.0,52.0,8.6,0.0,0.0,0.0,0.0,0.0,0.0,23,3,113,23,48.683331,10.9,Germany,Bayern,-0.0253475
2026-04-24 00:00:00,0.0,100.0,0.1017,0.10057,0.10215,0.10495,0.12518,0.14944,0.15495,0.12829,0.05969,9e-05,-0.0015,-0.015,-0.03269,-0.02673,-0.00543,0.0,0.05802,0.10798,0.14151,0.16325,0.12986,0.11796,0.10672,0.0982,0.09795,5.5,5.0,0.0,59.0,8.7,0.0,0.0,0.0,0.0,0.0,0.0,0,4,114,24,48.683331,10.9,Germany,Bayern,-0.01017
2026-04-24 01:00:00,0.0,100.0,0.10057,0.10215,0.10495,0.12518,0.14944,0.15495,0.12829,0.05969,9e-05,-0.0015,-0.015,-0.03269,-0.02673,-0.00543,0.0,0.05802,0.10798,0.14151,0.16325,0.12986,0.11796,0.10672,0.0982,0.09795,0.09771,5.5,3.0,0.0,65.0,8.0,0.0,0.0,0.0,0.0,0.0,27.0,1,4,114,24,48.683331,10.9,Germany,Bayern,-0.010057000000000002
2026-04-24 02:00:00,0.0,100.0,0.10215,0.10495,0.12518,0.14944,0.15495,0.12829,0.05969,9e-05,-0.0015,-0.015,-0.03269,-0.02673,-0.00543,0.0,0.05802,0.10798,0.14151,0.16325,0.12986,0.11796,0.10672,0.0982,0.09795,0.09771,0.08835,4.6,0.0,0.0,68.0,7.4,0.0,0.0,0.0,0.0,27.0,161.0,2,4,114,24,48.683331,10.9,Germany,Bayern,-0.010215000000000002
2026-04-24 03:00:00,0.0,100.0,0.10495,0.12518,0.14944,0.15495,0.12829,0.05969,9e-05,-0.0015,-0.015,-0.03269,-0.02673,-0.00543,0.0,0.05802,0.10798,0.14151,0.16325,0.12986,0.11796,0.10672,0.0982,0.09795,0.09771,0.08835,0.08878,4.0,0.0,0.0,70.0,7.2,0.0,0.0,0.0,27.0,161.0,337.0,3,4,114,24,48.683331,10.9,Germany,Bayern,-0.010495
2026-04-24 04:00:00,0.0,100.0,0.12518,0.14944,0.15495,0.12829,0.05969,9e-05,-0.0015,-0.015,-0.03269,-0.02673,-0.00543,0.0,0.05802,0.10798,0.14151,0.16325,0.12986,0.11796,0.10672,0.0982,0.09795,0.09771,0.08835,0.08878,0.08986,3.2,7.0,0.0,73.0,7.4,0.0,0.0,27.0,161.0,337.0,512.0,4,4,114,24,48.683331,10.9,Germany,Bayern,-0.012518000000000001
2026-04-24 05:00:00,0.0,100.0,0.14944,0.15495,0.12829,0.05969,9e-05,-0.0015,-0.015,-0.03269,-0.02673,-0.00543,0.0,0.05802,0.10798,0.14151,0.16325,0.12986,0.11796,0.10672,0.0982,0.09795,0.09771,0.08835,0.08878,0.08986,0.09507,0.7,14.0,0.0,75.0,7.5,0.0,27.0,161.0,337.0,512.0,663.0,5,4,114,24,48.683331,10.9,Germany,Bayern,-0.014943999999999999
2026-04-24 06:00:00,0.0,200.0,0.15495,0.12829,0.05969,9e-05,-0.0015,-0.015,-0.03269,-0.02673,-0.00543,0.0,0.05802,0.10798,0.14151,0.16325,0.12986,0.11796,0.10672,0.0982,0.09795,0.09771,0.08835,0.08878,0.08986,0.09507,0.05887,1.9,23.0,0.0,78.0,7.6,27.0,161.0,337.0,512.0,663.0,780.0,6,4,114,24,48.683331,10.9,Germany,Bayern,-0.030990000000000004
2026-04-24 07:00:00,0.0,200.0,0.12829,0.05969,9e-05,-0.0015,-0.015,-0.03269,-0.02673,-0.00543,0.0,0.05802,0.10798,0.14151,0.16325,0.12986,0.11796,0.10672,0.0982,0.09795,0.09771,0.08835,0.08878,0.08986,0.09507,0.05887,0.0002,2.6,41.0,27.0,75.0,7.7,161.0,337.0,512.0,663.0,780.0,847.0,7,4,114,24,48.683331,10.9,Germany,Bayern,-0.025658
2026-04-24 08:00:00,100.0,400.0,0.05969,9e-05,-0.0015,-0.015,-0.03269,-0.02673,-0.00543,0.0,0.05802,0.10798,0.14151,0.16325,0.12986,0.11796,0.10672,0.0982,0.09795,0.09771,0.08835,0.08878,0.08986,0.09507,0.05887,0.0002,-8e-05,5.5,50.0,161.0,66.0,8.0,337.0,512.0,663.0,780.0,847.0,860.0,8,4,114,24,48.683331,10.9,Germany,Bayern,-0.011937999999999999
2026-04-24 09:00:00,200.0,400.0,9e-05,-0.0015,-0.015,-0.03269,-0.02673,-0.00543,0.0,0.05802,0.10798,0.14151,0.16325,0.12986,0.11796,0.10672,0.0982,0.09795,0.09771,0.08835,0.08878,0.08986,0.09507,0.05887,0.0002,-8e-05,-0.01503,9.6,46.0,337.0,54.0,7.1,512.0,663.0,780.0,847.0,860.0,818.0,9,4,114,24,48.683331,10.9,Germany,Bayern,0.0
2026-04-24 10:00:00,300.00000000000006,400.0,-0.0015,-0.015,-0.03269,-0.02673,-0.00543,0.0,0.05802,0.10798,0.14151,0.16325,0.12986,0.11796,0.10672,0.0982,0.09795,0.09771,0.08835,0.08878,0.08986,0.09507,0.05887,0.0002,-8e-05,-0.01503,-0.07029,12.4,2.0,512.0,47.0,9.1,663.0,780.0,847.0,860.0,818.0,725.0,10,4,114,24,48.683331,10.9,Germany,Bayern,-0.00030000000000000014
2026-04-24 11:00:00,400.0,300.00000000000006,-0.015,-0.03269,-0.02673,-0.00543,0.0,0.05802,0.10798,0.14151,0.16325,0.12986,0.11796,0.10672,0.0982,0.09795,0.09771,0.08835,0.08878,0.08986,0.09507,0.05887,0.0002,-8e-05,-0.01503,-0.07029,-0.13006,14.4,1.0,663.0,41.0,11.2,780.0,847.0,860.0,818.0,725.0,589.0,11,4,114,24,48.683331,10.9,Germany,Bayern,-0.006
2026-04-24 12:00:00,400.0,300.00000000000006,-0.03269,-0.02673,-0.00543,0.0,0.05802,0.10798,0.14151,0.16325,0.12986,0.11796,0.10672,0.0982,0.09795,0.09771,0.08835,0.08878,0.08986,0.09507,0.05887,0.0002,-8e-05,-0.01503,-0.07029,-0.13006,-0.19584,16.0,2.0,780.0,34.0,9.2,847.0,860.0,818.0,725.0,589.0,422.0,12,4,114,24,48.683331,10.9,Germany,Bayern,-0.013075999999999997
2026-04-24 13:00:00,200.0,100.0,-0.02673,-0.00543,0.0,0.05802,0.10798,0.14151,0.16325,0.12986,0.11796,0.10672,0.0982,0.09795,0.09771,0.08835,0.08878,0.08986,0.09507,0.05887,0.0002,-8e-05,-0.01503,-0.07029,-0.13006,-0.19584,-0.16695,18.6,0.0,847.0,28.0,10.1,860.0,818.0,725.0,589.0,422.0,244.0,13,4,114,24,48.683331,10.9,Germany,Bayern,-0.005346
2026-04-24 14:00:00,200.0,100.0,-0.00543,0.0,0.05802,0.10798,0.14151,0.16325,0.12986,0.11796,0.10672,0.0982,0.09795,0.09771,0.08835,0.08878,0.08986,0.09507,0.05887,0.0002,-8e-05,-0.01503,-0.07029,-0.13006,-0.19584,-0.16695,-0.09374,18.1,0.0,860.0,24.0,11.3,818.0,725.0,589.0,422.0,244.0,82.0,14,4,114,24,48.683331,10.9,Germany,Bayern,-0.001086
2026-04-24 15:00:00,400.0,100.0,0.0,0.05802,0.10798,0.14151,0.16325,0.12986,0.11796,0.10672,0.0982,0.09795,0.09771,0.08835,0.08878,0.08986,0.09507,0.05887,0.0002,-8e-05,-0.01503,-0.07029,-0.13006,-0.19584,-0.16695,-0.09374,-0.015,18.8,5.0,818.0,23.0,12.6,725.0,589.0,422.0,244.0,82.0,2.0,15,4,114,24,48.683331,10.9,Germany,Bayern,0.0
2026-04-24 16:00:00,400.0,100.0,0.05802,0.10798,0.14151,0.16325,0.12986,0.11796,0.10672,0.0982,0.09795,0.09771,0.08835,0.08878,0.08986,0.09507,0.05887,0.0002,-8e-05,-0.01503,-0.07029,-0.13006,-0.19584,-0.16695,-0.09374,-0.015,-0.00103,19.2,32.0,725.0,22.0,13.6,589.0,422.0,244.0,82.0,2.0,0.0,16,4,114,24,48.683331,10.9,Germany,Bayern,0.023208000000000003
2026-04-24 17:00:00,100.0,200.0,0.10798,0.14151,0.16325,0.12986,0.11796,0.10672,0.0982,0.09795,0.09771,0.08835,0.08878,0.08986,0.09507,0.05887,0.0002,-8e-05,-0.01503,-0.07029,-0.13006,-0.19584,-0.16695,-0.09374,-0.015,-0.00103,0.03895,19.4,56.0,589.0,23.0,14.0,422.0,244.0,82.0,2.0,0.0,0.0,17,4,114,24,48.683331,10.9,Germany,Bayern,0.0
2026-04-24 18:00:00,100.0,100.0,0.14151,0.16325,0.12986,0.11796,0.10672,0.0982,0.09795,0.09771,0.08835,0.08878,0.08986,0.09507,0.05887,0.0002,-8e-05,-0.01503,-0.07029,-0.13006,-0.19584,-0.16695,-0.09374,-0.015,-0.00103,0.03895,0.07547,20.0,52.0,422.0,24.0,13.1,244.0,82.0,2.0,0.0,0.0,0.0,18,4,114,24,48.683331,10.9,Germany,Bayern,0.014151
2026-04-24 19:00:00,0.0,400.0,0.16325,0.12986,0.11796,0.10672,0.0982,0.09795,0.09771,0.08835,0.08878,0.08986,0.09507,0.05887,0.0002,-8e-05,-0.01503,-0.07029,-0.13006,-0.19584,-0.16695,-0.09374,-0.015,-0.00103,0.03895,0.07547,0.08186,18.2,4.0,244.0,26.0,9.6,82.0,2.0,0.0,0.0,0.0,0.0,19,4,114,24,48.683331,10.9,Germany,Bayern,-0.06530000000000001
2026-04-24 20:00:00,0.0,400.0,0.12986,0.11796,0.10672,0.0982,0.09795,0.09771,0.08835,0.08878,0.08986,0.09507,0.05887,0.0002,-8e-05,-0.01503,-0.07029,-0.13006,-0.19584,-0.16695,-0.09374,-0.015,-0.00103,0.03895,0.07547,0.08186,0.07988,16.1,0.0,82.0,34.0,7.9,2.0,0.0,0.0,0.0,0.0,0.0,20,4,114,24,48.683331,10.9,Germany,Bayern,-0.051944000000000004
2026-04-24 21:00:00,0.0,0.0,0.11796,0.10672,0.0982,0.09795,0.09771,0.08835,0.08878,0.08986,0.09507,0.05887,0.0002,-8e-05,-0.01503,-0.07029,-0.13006,-0.19584,-0.16695,-0.09374,-0.015,-0.00103,0.03895,0.07547,0.08186,0.07988,0.0728,13.2,0.0,2.0,43.0,7.1,0.0,0.0,0.0,0.0,0.0,0.0,21,4,114,24,48.683331,10.9,Germany,Bayern,0.0
2026-04-24 22:00:00,0.0,200.0,0.10672,0.0982,0.09795,0.09771,0.08835,0.08878,0.08986,0.09507,0.05887,0.0002,-8e-05,-0.01503,-0.07029,-0.13006,-0.19584,-0.16695,-0.09374,-0.015,-0.00103,0.03895,0.07547,0.08186,0.07988,0.0728,0.07831,10.7,0.0,0.0,52.0,6.5,0.0,0.0,0.0,0.0,0.0,0.0,22,4,114,24,48.683331,10.9,Germany,Bayern,-0.021344000000000002
2026-04-24 23:00:00,0.0,0.0,0.0982,0.09795,0.09771,0.08835,0.08878,0.08986,0.09507,0.05887,0.0002,-8e-05,-0.01503,-0.07029,-0.13006,-0.19584,-0.16695,-0.09374,-0.015,-0.00103,0.03895,0.07547,0.08186,0.07988,0.0728,0.07831,0.08139,6.2,0.0,0.0,60.0,6.4,0.0,0.0,0.0,0.0,0.0,0.0,23,4,114,24,48.683331,10.9,Germany,Bayern,0.0
2026-04-25 00:00:00,0.0,0.0,0.09795,0.09771,0.08835,0.08878,0.08986,0.09507,0.05887,0.0002,-8e-05,-0.01503,-0.07029,-0.13006,-0.19584,-0.16695,-0.09374,-0.015,-0.00103,0.03895,0.07547,0.08186,0.07988,0.0728,0.07831,0.08139,0.08535,7.1,0.0,0.0,67.0,6.9,0.0,0.0,0.0,0.0,0.0,0.0,0,5,115,25,48.683331,10.9,Germany,Bayern,0.0
2026-04-25 01:00:00,0.0,200.0,0.09771,0.08835,0.08878,0.08986,0.09507,0.05887,0.0002,-8e-05,-0.01503,-0.07029,-0.13006,-0.19584,-0.16695,-0.09374,-0.015,-0.00103,0.03895,0.07547,0.08186,0.07988,0.0728,0.07831,0.08139,0.08535,0.08793,4.3,0.0,0.0,70.0,7.3,0.0,0.0,0.0,0.0,0.0,29.0,1,5,115,25,48.683331,10.9,Germany,Bayern,-0.019542000000000004
2026-04-25 02:00:00,0.0,100.0,0.08835,0.08878,0.08986,0.09507,0.05887,0.0002,-8e-05,-0.01503,-0.07029,-0.13006,-0.19584,-0.16695,-0.09374,-0.015,-0.00103,0.03895,0.07547,0.08186,0.07988,0.0728,0.07831,0.08139,0.08535,0.08793,0.08847,5.8,0.0,0.0,72.0,7.7,0.0,0.0,0.0,0.0,29.0,161.0,2,5,115,25,48.683331,10.9,Germany,Bayern,-0.008835
2026-04-25 03:00:00,0.0,100.0,0.08878,0.08986,0.09507,0.05887,0.0002,-8e-05,-0.01503,-0.07029,-0.13006,-0.19584,-0.16695,-0.09374,-0.015,-0.00103,0.03895,0.07547,0.08186,0.07988,0.0728,0.07831,0.08139,0.08535,0.08793,0.08847,0.09422,3.1,0.0,0.0,75.0,7.3,0.0,0.0,0.0,29.0,161.0,338.0,3,5,115,25,48.683331,10.9,Germany,Bayern,-0.008878
2026-04-25 04:00:00,0.0,100.0,0.08986,0.09507,0.05887,0.0002,-8e-05,-0.01503,-0.07029,-0.13006,-0.19584,-0.16695,-0.09374,-0.015,-0.00103,0.03895,0.07547,0.08186,0.07988,0.0728,0.07831,0.08139,0.08535,0.08793,0.08847,0.09422,0.0971,2.6,0.0,0.0,78.0,6.6,0.0,0.0,29.0,161.0,338.0,510.0,4,5,115,25,48.683331,10.9,Germany,Bayern,-0.008986
2026-04-25 05:00:00,0.0,100.0,0.09507,0.05887,0.0002,-8e-05,-0.01503,-0.07029,-0.13006,-0.19584,-0.16695,-0.09374,-0.015,-0.00103,0.03895,0.07547,0.08186,0.07988,0.0728,0.07831,0.08139,0.08535,0.08793,0.08847,0.09422,0.0971,0.09225,3.3,2.0,0.0,84.0,6.2,0.0,29.0,161.0,338.0,510.0,660.0,5,5,115,25,48.683331,10.9,Germany,Bayern,-0.009507000000000002
2026-04-25 06:00:00,0.0,100.0,0.05887,0.0002,-8e-05,-0.01503,-0.07029,-0.13006,-0.19584,-0.16695,-0.09374,-0.015,-0.00103,0.03895,0.07547,0.08186,0.07988,0.0728,0.07831,0.08139,0.08535,0.08793,0.08847,0.09422,0.0971,0.09225,0.08885,2.8,17.0,0.0,86.0,5.8,29.0,161.0,338.0,510.0,660.0,773.0,6,5,115,25,48.683331,10.9,Germany,Bayern,-0.005887
2026-04-25 07:00:00,0.0,200.0,0.0002,-8e-05,-0.01503,-0.07029,-0.13006,-0.19584,-0.16695,-0.09374,-0.015,-0.00103,0.03895,0.07547,0.08186,0.07988,0.0728,0.07831,0.08139,0.08535,0.08793,0.08847,0.09422,0.0971,0.09225,0.08885,0.00491,3.7,14.0,29.0,84.0,6.4,161.0,338.0,510.0,660.0,773.0,838.0,7,5,115,25,48.683331,10.9,Germany,Bayern,-4e-05
2026-04-25 08:00:00,0.0,0.0,-8e-05,-0.01503,-0.07029,-0.13006,-0.19584,-0.16695,-0.09374,-0.015,-0.00103,0.03895,0.07547,0.08186,0.07988,0.0728,0.07831,0.08139,0.08535,0.08793,0.08847,0.09422,0.0971,0.09225,0.08885,0.00491,-0.00501,6.8,7.0,161.0,74.0,6.2,338.0,510.0,660.0,773.0,838.0,851.0,8,5,115,25,48.683331,10.9,Germany,Bayern,0.0
2026-04-25 09:00:00,300.00000000000006,100.0,-0.01503,-0.07029,-0.13006,-0.19584,-0.16695,-0.09374,-0.015,-0.00103,0.03895,0.07547,0.08186,0.07988,0.0728,0.07831,0.08139,0.08535,0.08793,0.08847,0.09422,0.0971,0.09225,0.08885,0.00491,-0.00501,-0.072,11.3,0.0,338.0,64.0,4.6,510.0,660.0,773.0,838.0,851.0,809.0,9,5,115,25,48.683331,10.9,Germany,Bayern,-0.004509000000000001
2026-04-25 10:00:00,600.0000000000001,100.0,-0.07029,-0.13006,-0.19584,-0.16695,-0.09374,-0.015,-0.00103,0.03895,0.07547,0.08186,0.07988,0.0728,0.07831,0.08139,0.08535,0.08793,0.08847,0.09422,0.0971,0.09225,0.08885,0.00491,-0.00501,-0.072,-0.21354,13.6,0.0,510.0,55.0,6.1,660.0,773.0,838.0,851.0,809.0,717.0,10,5,115,25,48.683331,10.9,Germany,Bayern,-0.04217400000000001
2026-04-25 11:00:00,700.0000000000001,200.0,-0.13006,-0.19584,-0.16695,-0.09374,-0.015,-0.00103,0.03895,0.07547,0.08186,0.07988,0.0728,0.07831,0.08139,0.08535,0.08793,0.08847,0.09422,0.0971,0.09225,0.08885,0.00491,-0.00501,-0.072,-0.21354,-0.36035,15.8,0.0,660.0,46.0,8.8,773.0,838.0,851.0,809.0,717.0,584.0,11,5,115,25,48.683331,10.9,Germany,Bayern,-0.09104200000000003
2026-04-25 12:00:00,900.0,300.00000000000006,-0.19584,-0.16695,-0.09374,-0.015,-0.00103,0.03895,0.07547,0.08186,0.07988,0.0728,0.07831,0.08139,0.08535,0.08793,0.08847,0.09422,0.0971,0.09225,0.08885,0.00491,-0.00501,-0.072,-0.21354,-0.36035,-0.48001,17.5,0.0,773.0,37.0,7.1,838.0,851.0,809.0,717.0,584.0,420.0,12,5,115,25,48.683331,10.9,Germany,Bayern,-0.176256
2026-04-25 13:00:00,900.0,200.0,-0.16695,-0.09374,-0.015,-0.00103,0.03895,0.07547,0.08186,0.07988,0.0728,0.07831,0.08139,0.08535,0.08793,0.08847,0.09422,0.0971,0.09225,0.08885,0.00491,-0.00501,-0.072,-0.21354,-0.36035,-0.48001,-0.3211,18.5,0.0,838.0,34.0,7.6,851.0,809.0,717.0,584.0,420.0,244.0,13,5,115,25,48.683331,10.9,Germany,Bayern,-0.15025499999999997
2026-04-25 14:00:00,700.0000000000001,300.00000000000006,-0.09374,-0.015,-0.00103,0.03895,0.07547,0.08186,0.07988,0.0728,0.07831,0.08139,0.08535,0.08793,0.08847,0.09422,0.0971,0.09225,0.08885,0.00491,-0.00501,-0.072,-0.21354,-0.36035,-0.48001,-0.3211,-0.08922,19.4,0.0,851.0,32.0,8.9,809.0,717.0,584.0,420.0,244.0,84.0,14,5,115,25,48.683331,10.9,Germany,Bayern,-0.06561800000000001
2026-04-25 15:00:00,400.0,0.0,-0.015,-0.00103,0.03895,0.07547,0.08186,0.07988,0.0728,0.07831,0.08139,0.08535,0.08793,0.08847,0.09422,0.0971,0.09225,0.08885,0.00491,-0.00501,-0.072,-0.21354,-0.36035,-0.48001,-0.3211,-0.08922,-0.0021,19.9,0.0,809.0,29.0,10.2,717.0,584.0,420.0,244.0,84.0,3.0,15,5,115,25,48.683331,10.9,Germany,Bayern,-0.006
2026-04-25 16:00:00,300.00000000000006,100.0,-0.00103,0.03895,0.07547,0.08186,0.07988,0.0728,0.07831,0.08139,0.08535,0.08793,0.08847,0.09422,0.0971,0.09225,0.08885,0.00491,-0.00501,-0.072,-0.21354,-0.36035,-0.48001,-0.3211,-0.08922,-0.0021,0.04267,20.4,13.0,717.0,27.0,11.5,584.0,420.0,244.0,84.0,3.0,0.0,16,5,115,25,48.683331,10.9,Germany,Bayern,-0.00030900000000000014
2026-04-25 17:00:00,100.0,100.0,0.03895,0.07547,0.08186,0.07988,0.0728,0.07831,0.08139,0.08535,0.08793,0.08847,0.09422,0.0971,0.09225,0.08885,0.00491,-0.00501,-0.072,-0.21354,-0.36035,-0.48001,-0.3211,-0.08922,-0.0021,0.04267,0.11489,20.7,11.0,584.0,27.0,11.9,420.0,244.0,84.0,3.0,0.0,0.0,17,5,115,25,48.683331,10.9,Germany,Bayern,0.003895
2026-04-25 18:00:00,0.0,100.0,0.07547,0.08186,0.07988,0.0728,0.07831,0.08139,0.08535,0.08793,0.08847,0.09422,0.0971,0.09225,0.08885,0.00491,-0.00501,-0.072,-0.21354,-0.36035,-0.48001,-0.3211,-0.08922,-0.0021,0.04267,0.11489,0.15198,21.3,0.0,420.0,26.0,12.1,244.0,84.0,3.0,0.0,0.0,0.0,18,5,115,25,48.683331,10.9,Germany,Bayern,-0.007547
2026-04-25 19:00:00,100.0,100.0,0.08186,0.07988,0.0728,0.07831,0.08139,0.08535,0.08793,0.08847,0.09422,0.0971,0.09225,0.08885,0.00491,-0.00501,-0.072,-0.21354,-0.36035,-0.48001,-0.3211,-0.08922,-0.0021,0.04267,0.11489,0.15198,0.15,19.1,0.0,244.0,27.0,9.9,84.0,3.0,0.0,0.0,0.0,0.0,19,5,115,25,48.683331,10.9,Germany,Bayern,0.008186
2026-04-25 20:00:00,0.0,100.0,0.07988,0.0728,0.07831,0.08139,0.08535,0.08793,0.08847,0.09422,0.0971,0.09225,0.08885,0.00491,-0.00501,-0.072,-0.21354,-0.36035,-0.48001,-0.3211,-0.08922,-0.0021,0.04267,0.11489,0.15198,0.15,0.13398,15.5,0.0,84.0,33.0,9.4,3.0,0.0,0.0,0.0,0.0,0.0,20,5,115,25,48.683331,10.9,Germany,Bayern,-0.007988
2026-04-25 21:00:00,0.0,100.0,0.0728,0.07831,0.08139,0.08535,0.08793,0.08847,0.09422,0.0971,0.09225,0.08885,0.00491,-0.00501,-0.072,-0.21354,-0.36035,-0.48001,-0.3211,-0.08922,-0.0021,0.04267,0.11489,0.15198,0.15,0.13398,0.12486,14.4,0.0,3.0,40.0,9.7,0.0,0.0,0.0,0.0,0.0,0.0,21,5,115,25,48.683331,10.9,Germany,Bayern,-0.007280000000000001
2026-04-25 22:00:00,0.0,100.0,0.07831,0.08139,0.08535,0.08793,0.08847,0.09422,0.0971,0.09225,0.08885,0.00491,-0.00501,-0.072,-0.21354,-0.36035,-0.48001,-0.3211,-0.08922,-0.0021,0.04267,0.11489,0.15198,0.15,0.13398,0.12486,0.12591,12.2,0.0,0.0,47.0,9.8,0.0,0.0,0.0,0.0,0.0,0.0,22,5,115,25,48.683331,10.9,Germany,Bayern,-0.007831000000000001
2026-04-25 23:00:00,0.0,0.0,0.08139,0.08535,0.08793,0.08847,0.09422,0.0971,0.09225,0.08885,0.00491,-0.00501,-0.072,-0.21354,-0.36035,-0.48001,-0.3211,-0.08922,-0.0021,0.04267,0.11489,0.15198,0.15,0.13398,0.12486,0.12591,0.11448,10.5,0.0,0.0,51.0,10.2,0.0,0.0,0.0,0.0,0.0,0.0,23,5,115,25,48.683331,10.9,Germany,Bayern,0.0
2026-04-26 00:00:00,0.0,100.0,0.08535,0.08793,0.08847,0.09422,0.0971,0.09225,0.08885,0.00491,-0.00501,-0.072,-0.21354,-0.36035,-0.48001,-0.3211,-0.08922,-0.0021,0.04267,0.11489,0.15198,0.15,0.13398,0.12486,0.12591,0.11448,0.11301,9.1,0.0,0.0,55.0,10.1,0.0,0.0,0.0,0.0,0.0,0.0,0,6,116,26,48.683331,10.9,Germany,Bayern,-0.008535
2026-04-26 01:00:00,0.0,0.0,0.08793,0.08847,0.09422,0.0971,0.09225,0.08885,0.00491,-0.00501,-0.072,-0.21354,-0.36035,-0.48001,-0.3211,-0.08922,-0.0021,0.04267,0.11489,0.15198,0.15,0.13398,0.12486,0.12591,0.11448,0.11301,0.11297,7.6,0.0,0.0,58.0,11.0,0.0,0.0,0.0,0.0,0.0,32.0,1,6,116,26,48.683331,10.9,Germany,Bayern,0.0
2026-04-26 02:00:00,0.0,100.0,0.08847,0.09422,0.0971,0.09225,0.08885,0.00491,-0.00501,-0.072,-0.21354,-0.36035,-0.48001,-0.3211,-0.08922,-0.0021,0.04267,0.11489,0.15198,0.15,0.13398,0.12486,0.12591,0.11448,0.11301,0.11297,0.11271,5.4,0.0,0.0,60.0,11.6,0.0,0.0,0.0,0.0,32.0,167.0,2,6,116,26,48.683331,10.9,Germany,Bayern,-0.008846999999999999
2026-04-26 03:00:00,0.0,100.0,0.09422,0.0971,0.09225,0.08885,0.00491,-0.00501,-0.072,-0.21354,-0.36035,-0.48001,-0.3211,-0.08922,-0.0021,0.04267,0.11489,0.15198,0.15,0.13398,0.12486,0.12591,0.11448,0.11301,0.11297,0.11271,0.1167,6.0,0.0,0.0,63.0,11.6,0.0,0.0,0.0,32.0,167.0,341.0,3,6,116,26,48.683331,10.9,Germany,Bayern,-0.009422
2026-04-26 04:00:00,0.0,100.0,0.0971,0.09225,0.08885,0.00491,-0.00501,-0.072,-0.21354,-0.36035,-0.48001,-0.3211,-0.08922,-0.0021,0.04267,0.11489,0.15198,0.15,0.13398,0.12486,0.12591,0.11448,0.11301,0.11297,0.11271,0.1167,0.1501,3.8,0.0,0.0,66.0,10.0,0.0,0.0,32.0,167.0,341.0,507.0,4,6,116,26,48.683331,10.9,Germany,Bayern,-0.009710000000000002
2026-04-26 05:00:00,0.0,100.0,0.09225,0.08885,0.00491,-0.00501,-0.072,-0.21354,-0.36035,-0.48001,-0.3211,-0.08922,-0.0021,0.04267,0.11489,0.15198,0.15,0.13398,0.12486,0.12591,0.11448,0.11301,0.11297,0.11271,0.1167,0.1501,0.18521,4.2,0.0,0.0,70.0,7.8,0.0,32.0,167.0,341.0,507.0,660.0,5,6,116,26,48.683331,10.9,Germany,Bayern,-0.009225
2026-04-26 06:00:00,0.0,100.0,0.08885,0.00491,-0.00501,-0.072,-0.21354,-0.36035,-0.48001,-0.3211,-0.08922,-0.0021,0.04267,0.11489,0.15198,0.15,0.13398,0.12486,0.12591,0.11448,0.11301,0.11297,0.11271,0.1167,0.1501,0.18521,0.1738,3.4,0.0,0.0,73.0,7.0,32.0,167.0,341.0,507.0,660.0,771.0,6,6,116,26,48.683331,10.9,Germany,Bayern,-0.008885
2026-04-26 07:00:00,0.0,100.0,0.00491,-0.00501,-0.072,-0.21354,-0.36035,-0.48001,-0.3211,-0.08922,-0.0021,0.04267,0.11489,0.15198,0.15,0.13398,0.12486,0.12591,0.11448,0.11301,0.11297,0.11271,0.1167,0.1501,0.18521,0.1738,0.12498,4.3,1.0,32.0,71.0,7.1,167.0,341.0,507.0,660.0,771.0,834.0,7,6,116,26,48.683331,10.9,Germany,Bayern,-0.000491
2026-04-26 08:00:00,0.0,100.0,-0.00501,-0.072,-0.21354,-0.36035,-0.48001,-0.3211,-0.08922,-0.0021,0.04267,0.11489,0.15198,0.15,0.13398,0.12486,0.12591,0.11448,0.11301,0.11297,0.11271,0.1167,0.1501,0.18521,0.1738,0.12498,0.09267,7.2,1.0,167.0,63.0,6.3,341.0,507.0,660.0,771.0,834.0,843.0,8,6,116,26,48.683331,10.9,Germany,Bayern,0.000501
2026-04-26 09:00:00,200.0,300.00000000000006,-0.072,-0.21354,-0.36035,-0.48001,-0.3211,-0.08922,-0.0021,0.04267,0.11489,0.15198,0.15,0.13398,0.12486,0.12591,0.11448,0.11301,0.11297,0.11271,0.1167,0.1501,0.18521,0.1738,0.12498,0.09267,0.01659,10.8,1.0,341.0,53.0,6.5,507.0,660.0,771.0,834.0,843.0,793.0,9,6,116,26,48.683331,10.9,Germany,Bayern,-0.0071999999999999955
2026-04-26 10:00:00,600.0000000000001,200.0,-0.21354,-0.36035,-0.48001,-0.3211,-0.08922,-0.0021,0.04267,0.11489,0.15198,0.15,0.13398,0.12486,0.12591,0.11448,0.11301,0.11297,0.11271,0.1167,0.1501,0.18521,0.1738,0.12498,0.09267,0.01659,-1e-05,12.4,0.0,507.0,49.0,5.2,660.0,771.0,834.0,843.0,793.0,620.0,10,6,116,26,48.683331,10.9,Germany,Bayern,-0.12812400000000004
2026-04-26 11:00:00,1000.0,200.0,-0.36035,-0.48001,-0.3211,-0.08922,-0.0021,0.04267,0.11489,0.15198,0.15,0.13398,0.12486,0.12591,0.11448,0.11301,0.11297,0.11271,0.1167,0.1501,0.18521,0.1738,0.12498,0.09267,0.01659,-1e-05,-0.0005,13.9,6.0,660.0,45.0,3.6,771.0,834.0,843.0,793.0,620.0,458.0,11,6,116,26,48.683331,10.9,Germany,Bayern,-0.36035000000000006
2026-04-26 12:00:00,1200.0,200.0,-0.48001,-0.3211,-0.08922,-0.0021,0.04267,0.11489,0.15198,0.15,0.13398,0.12486,0.12591,0.11448,0.11301,0.11297,0.11271,0.1167,0.1501,0.18521,0.1738,0.12498,0.09267,0.01659,-1e-05,-0.0005,-0.0005,15.1,22.0,771.0,39.0,1.4,834.0,843.0,793.0,620.0,458.0,354.0,12,6,116,26,48.683331,10.9,Germany,Bayern,-0.576012
2026-04-26 13:00:00,1200.0,300.00000000000006,-0.3211,-0.08922,-0.0021,0.04267,0.11489,0.15198,0.15,0.13398,0.12486,0.12591,0.11448,0.11301,0.11297,0.11271,0.1167,0.1501,0.18521,0.1738,0.12498,0.09267,0.01659,-1e-05,-0.0005,-0.0005,-1e-05,16.3,45.0,834.0,36.0,3.6,843.0,793.0,620.0,458.0,354.0,214.0,13,6,116,26,48.683331,10.9,Germany,Bayern,-0.38532000000000005
2026-04-26 14:00:00,1100.0,200.0,-0.08922,-0.0021,0.04267,0.11489,0.15198,0.15,0.13398,0.12486,0.12591,0.11448,0.11301,0.11297,0.11271,0.1167,0.1501,0.18521,0.1738,0.12498,0.09267,0.01659,-1e-05,-0.0005,-0.0005,-1e-05,0.01866,17.2,60.0,843.0,34.0,6.0,793.0,620.0,458.0,354.0,214.0,82.0,14,6,116,26,48.683331,10.9,Germany,Bayern,-0.098142
2026-04-26 15:00:00,800.0,100.0,-0.0021,0.04267,0.11489,0.15198,0.15,0.13398,0.12486,0.12591,0.11448,0.11301,0.11297,0.11271,0.1167,0.1501,0.18521,0.1738,0.12498,0.09267,0.01659,-1e-05,-0.0005,-0.0005,-1e-05,0.01866,0.06825,17.6,89.0,793.0,33.0,7.7,620.0,458.0,354.0,214.0,82.0,3.0,15,6,116,26,48.683331,10.9,Germany,Bayern,-0.0016799999999999996
2026-04-26 16:00:00,400.0,100.0,0.04267,0.11489,0.15198,0.15,0.13398,0.12486,0.12591,0.11448,0.11301,0.11297,0.11271,0.1167,0.1501,0.18521,0.1738,0.12498,0.09267,0.01659,-1e-05,-0.0005,-0.0005,-1e-05,0.01866,0.06825,0.10905,19.2,95.0,620.0,32.0,9.5,458.0,354.0,214.0,82.0,3.0,0.0,16,6,116,26,48.683331,10.9,Germany,Bayern,0.017068
2026-04-26 17:00:00,200.0,300.00000000000006,0.11489,0.15198,0.15,0.13398,0.12486,0.12591,0.11448,0.11301,0.11297,0.11271,0.1167,0.1501,0.18521,0.1738,0.12498,0.09267,0.01659,-1e-05,-0.0005,-0.0005,-1e-05,0.01866,0.06825,0.10905,0.13291,17.6,91.0,458.0,32.0,10.8,354.0,214.0,82.0,3.0,0.0,0.0,17,6,116,26,48.683331,10.9,Germany,Bayern,0.011488999999999994
2026-04-26 18:00:00,100.0,200.0,0.15198,0.15,0.13398,0.12486,0.12591,0.11448,0.11301,0.11297,0.11271,0.1167,0.1501,0.18521,0.1738,0.12498,0.09267,0.01659,-1e-05,-0.0005,-0.0005,-1e-05,0.01866,0.06825,0.10905,0.13291,0.21755,17.2,67.0,354.0,32.0,11.1,214.0,82.0,3.0,0.0,0.0,0.0,18,6,116,26,48.683331,10.9,Germany,Bayern,0.0
2026-04-26 19:00:00,0.0,300.00000000000006,0.15,0.13398,0.12486,0.12591,0.11448,0.11301,0.11297,0.11271,0.1167,0.1501,0.18521,0.1738,0.12498,0.09267,0.01659,-1e-05,-0.0005,-0.0005,-1e-05,0.01866,0.06825,0.10905,0.13291,0.21755,0.19394,16.4,36.0,214.0,34.0,8.8,82.0,3.0,0.0,0.0,0.0,0.0,19,6,116,26,48.683331,10.9,Germany,Bayern,-0.045000000000000005
2026-04-26 20:00:00,0.0,400.0,0.13398,0.12486,0.12591,0.11448,0.11301,0.11297,0.11271,0.1167,0.1501,0.18521,0.1738,0.12498,0.09267,0.01659,-1e-05,-0.0005,-0.0005,-1e-05,0.01866,0.06825,0.10905,0.13291,0.21755,0.19394,0.13837,14.5,36.0,82.0,41.0,7.8,3.0,0.0,0.0,0.0,0.0,0.0,20,6,116,26,48.683331,10.9,Germany,Bayern,-0.053592
2026-04-26 21:00:00,0.0,100.0,0.12486,0.12591,0.11448,0.11301,0.11297,0.11271,0.1167,0.1501,0.18521,0.1738,0.12498,0.09267,0.01659,-1e-05,-0.0005,-0.0005,-1e-05,0.01866,0.06825,0.10905,0.13291,0.21755,0.19394,0.13837,0.12474,12.2,39.0,3.0,48.0,7.8,0.0,0.0,0.0,0.0,0.0,0.0,21,6,116,26,48.683331,10.9,Germany,Bayern,-0.012486
2026-04-26 22:00:00,0.0,200.0,0.12591,0.11448,0.11301,0.11297,0.11271,0.1167,0.1501,0.18521,0.1738,0.12498,0.09267,0.01659,-1e-05,-0.0005,-0.0005,-1e-05,0.01866,0.06825,0.10905,0.13291,0.21755,0.19394,0.13837,0.12474,0.11992,7.5,29.0,0.0,54.0,7.4,0.0,0.0,0.0,0.0,0.0,0.0,22,6,116,26,48.683331,10.9,Germany,Bayern,-0.025182
2026-04-26 23:00:00,0.0,0.0,0.11448,0.11301,0.11297,0.11271,0.1167,0.1501,0.18521,0.1738,0.12498,0.09267,0.01659,-1e-05,-0.0005,-0.0005,-1e-05,0.01866,0.06825,0.10905,0.13291,0.21755,0.19394,0.13837,0.12474,0.11992,0.11083,8.4,8.0,0.0,60.0,7.2,0.0,0.0,0.0,0.0,0.0,0.0,23,6,116,26,48.683331,10.9,Germany,Bayern,0.0
2026-04-27 00:00:00,0.0,100.0,0.11301,0.11297,0.11271,0.1167,0.1501,0.18521,0.1738,0.12498,0.09267,0.01659,-1e-05,-0.0005,-0.0005,-1e-05,0.01866,0.06825,0.10905,0.13291,0.21755,0.19394,0.13837,0.12474,0.11992,0.11083,0.10402,6.7,0.0,0.0,67.0,7.2,0.0,0.0,0.0,0.0,0.0,0.0,0,0,117,27,48.683331,10.9,Germany,Bayern,-0.011301
